timestamp_ms,roll,pitch,setpoint,P,I,D,motor_output
11177.0,-0.42,-0.41,0.0,9.78,0.0,21.97,31.75
11277.0,-0.41,-0.07,0.0,1.6,0.0,18.85,20.46
11377.0,-0.36,0.17,0.0,-4.06,0.0,-0.11,-4.16
11477.0,-0.36,-0.06,0.0,1.48,0.0,-6.72,-5.24
11577.0,-0.23,-0.14,0.0,3.34,0.0,-28.54,-25.21
11677.0,-0.3,-0.29,0.0,6.86,0.0,-25.03,-18.17
11777.0,-0.53,-0.33,0.0,8.03,0.0,-15.59,-7.55
11877.0,-0.4,0.07,0.0,-1.6,0.0,-9.45,-11.05
11977.0,-0.47,0.03,0.0,-0.62,0.0,-16.01,-16.63
12077.0,-0.6,-0.05,0.0,1.22,0.0,-19.05,-17.83
12177.0,-0.41,-0.34,0.0,8.04,0.0,-22.24,-14.2
12277.0,-0.44,-0.24,0.0,5.64,0.0,-1.41,4.24
12377.0,-0.48,-0.39,0.0,9.47,0.0,11.32,20.8
12477.0,-0.51,-0.3,0.0,7.13,0.0,18.98,26.11
12577.0,-0.46,-0.23,0.0,5.41,0.0,32.99,38.41
12677.0,-0.41,-0.18,0.0,4.42,0.0,32.83,37.25
12777.0,-0.39,-0.15,0.0,3.68,0.0,34.94,38.62
12877.0,-0.26,0.07,0.0,-1.6,0.0,20.1,18.5
12977.0,-0.3,0.17,0.0,-4.12,0.0,-3.24,-7.36
13077.0,-0.22,0.31,0.0,-7.53,0.0,-3.17,-10.7
13177.0,-0.27,0.35,0.0,-8.38,0.0,-24.37,-32.74
13277.0,-0.32,0.1,0.0,-2.52,0.0,-22.88,-25.4
13377.0,-0.17,-0.04,0.0,0.99,0.0,-35.45,-34.46
13477.0,-0.19,-0.24,0.0,5.65,0.0,-22.86,-17.21
13577.0,-0.28,0.03,0.0,-0.77,0.0,-11.87,-12.64
13677.0,-0.24,0.09,0.0,-2.07,0.0,-14.68,-16.74
13777.0,-0.2,0.53,0.0,-12.69,0.0,-29.5,-42.18
13877.0,-0.16,0.47,0.0,-11.23,0.0,-28.01,-39.24
13977.0,-0.29,-0.03,0.0,0.63,0.0,-23.78,-23.14
14077.0,-0.15,-0.18,0.0,4.22,0.0,-31.09,-26.87
14177.0,-0.17,-0.41,0.0,9.83,0.0,-33.29,-23.46
14277.0,-0.18,-0.31,0.0,7.33,0.0,-36.9,-29.56
14377.0,-0.43,-0.37,0.0,8.9,0.0,-22.06,-13.15
14477.0,-0.19,-0.36,0.0,8.64,0.0,-8.32,0.33
14577.0,0.02,-0.2,0.0,4.87,0.0,-10.66,-5.79
14677.0,-0.07,-0.28,0.0,6.76,0.0,-16.29,-9.52
14777.0,-0.32,-0.71,0.0,16.97,0.0,-9.56,7.41
14877.0,-0.29,-0.47,0.0,11.38,0.0,-5.5,5.88
14977.0,-0.39,-0.65,0.0,15.62,0.0,-3.24,12.38
15077.0,-0.31,-0.68,0.0,16.27,0.0,8.56,24.83
15177.0,-0.3,-0.48,0.0,11.5,0.0,23.03,34.53
15277.0,-0.31,-0.29,0.0,6.87,0.0,26.27,33.14
15377.0,-0.31,-0.1,0.0,2.3,0.0,29.5,31.8
15477.0,-0.38,-0.08,0.0,1.93,0.0,36.38,38.32
15577.0,-0.28,0.1,0.0,-2.44,0.0,23.05,20.61
15677.0,-0.33,0.28,0.0,-6.7,0.0,15.17,8.47
15777.0,-0.42,0.27,0.0,-6.58,0.0,19.6,13.02
15877.0,-0.42,0.13,0.0,-3.15,0.0,6.8,3.65
15977.0,-0.36,0.45,0.0,-10.71,0.0,16.85,6.15
16077.0,-0.32,0.52,0.0,-12.39,0.0,25.26,12.87
16177.0,-0.3,0.41,0.0,-9.9,0.0,21.32,11.43
16277.0,-0.21,0.52,0.0,-12.38,0.0,25.78,13.4
16377.0,-0.3,0.18,0.0,-4.34,0.0,36.18,31.85
16477.0,-0.23,-0.24,0.0,5.65,0.0,41.35,47.0
16577.0,-0.14,-0.49,0.0,11.64,0.0,25.03,36.67
16677.0,-0.05,-0.55,0.0,13.14,0.0,23.38,36.52
16777.0,-0.17,-0.92,0.0,22.03,0.0,35.63,57.66
16877.0,-0.12,-0.64,0.0,15.45,0.0,20.02,35.48
16977.0,-0.11,-0.46,0.0,11.14,0.0,28.76,39.9
17077.0,-0.2,-0.21,0.0,5.0,0.0,27.3,32.3
17177.0,-0.23,0.27,0.0,-6.46,0.0,30.5,24.05
17277.0,-0.14,0.52,0.0,-12.49,0.0,30.5,18.01
17377.0,-0.17,0.48,0.0,-11.49,0.0,39.7,28.21
17477.0,-0.11,0.24,0.0,-5.68,0.0,23.8,18.13
17577.0,-0.31,-0.07,0.0,1.57,0.0,19.66,21.23
17677.0,-0.09,-0.41,0.0,9.91,0.0,14.82,24.74
17777.0,-0.1,-0.48,0.0,11.52,0.0,25.94,37.46
17877.0,-0.13,-0.75,0.0,17.96,0.0,31.84,49.81
17977.0,-0.14,-0.56,0.0,13.45,0.0,15.3,28.75
18077.0,-0.14,-0.62,0.0,14.94,0.0,17.57,32.51
18177.0,-0.19,-0.46,0.0,10.93,0.0,22.7,33.63
18277.0,-0.18,0.15,0.0,-3.61,0.0,27.66,24.06
18377.0,-0.18,0.21,0.0,-5.01,0.0,32.63,27.62
18477.0,-0.19,0.07,0.0,-1.69,0.0,26.47,24.78
18577.0,-0.09,-0.1,0.0,2.3,0.0,31.95,34.26
18677.0,0.1,-0.18,0.0,4.41,0.0,23.69,28.1
18777.0,-0.07,-0.94,0.0,22.51,0.0,29.46,51.97
18877.0,-0.06,-1.05,0.0,25.11,0.0,7.4,32.51
18977.0,0.09,-1.06,0.0,25.52,0.0,-9.33,16.19
19077.0,0.0,-0.55,0.0,13.17,0.0,-13.06,0.11
19177.0,-0.05,-0.14,0.0,3.4,0.0,-6.28,-2.88
19277.0,-0.13,0.38,0.0,-9.22,0.0,-0.29,-9.51
19377.0,-0.03,0.7,0.0,-16.81,0.0,-4.64,-21.45
19477.0,-0.09,1.23,0.0,-29.45,0.0,-15.28,-44.73
19577.0,0.06,1.22,0.0,-29.38,0.0,-7.82,-37.2
19677.0,-0.23,0.35,0.0,-8.36,0.0,15.87,7.51
19777.0,-0.2,0.16,0.0,-3.88,0.0,35.61,31.73
19877.0,-0.14,-0.05,0.0,1.12,0.0,45.86,46.98
19977.0,-0.11,-0.49,0.0,11.86,0.0,24.48,36.34
20078.0,-0.02,-0.92,0.0,22.01,0.0,13.01,35.02
20178.0,-0.15,-1.33,0.0,31.85,0.0,11.69,43.54
20278.0,-0.25,-0.88,0.0,21.02,0.0,16.23,37.26
20378.0,-0.04,-0.47,0.0,11.2,0.0,-3.24,7.97
20478.0,-0.16,0.02,0.0,-0.4,0.0,-8.9,-9.3
20578.0,-0.2,0.27,0.0,-6.47,0.0,-29.39,-35.86
20678.0,-0.01,0.09,0.0,-2.2,0.0,-26.4,-28.59
20778.0,-0.04,0.47,0.0,-11.33,0.0,-16.54,-27.87
20878.0,0.06,0.4,0.0,-9.63,0.0,-26.13,-35.75
20978.0,0.11,0.49,0.0,-11.68,0.0,-24.24,-35.92
21078.0,-0.1,0.17,0.0,-3.99,0.0,-18.41,-22.39
21178.0,-0.19,-0.18,0.0,4.35,0.0,-11.82,-7.46
21278.0,-0.13,0.02,0.0,-0.49,0.0,-8.63,-9.12
21378.0,-0.19,-0.03,0.0,0.76,0.0,-7.2,-6.43
21478.0,-0.23,-0.19,0.0,4.48,0.0,-0.66,3.83
21578.0,-0.27,-0.21,0.0,5.04,0.0,1.47,6.51
21678.0,-0.15,-0.17,0.0,4.0,0.0,15.55,19.56
21778.0,-0.28,0.01,0.0,-0.27,0.0,34.66,34.4
21878.0,-0.28,0.3,0.0,-7.16,0.0,31.29,24.14
21978.0,-0.24,0.56,0.0,-13.33,0.0,34.06,20.73
22078.0,-0.19,0.79,0.0,-19.02,0.0,27.76,8.74
22178.0,-0.3,0.31,0.0,-7.56,0.0,34.64,27.09
22278.0,-0.2,0.11,0.0,-2.57,0.0,37.28,34.72
22378.0,-0.2,-0.05,0.0,1.18,0.0,35.39,36.58
22478.0,-0.17,-0.6,0.0,14.39,0.0,44.85,59.25
22578.0,-0.25,-1.08,0.0,25.82,0.0,33.36,59.19
22678.0,-0.03,-0.96,0.0,23.04,0.0,15.32,38.36
22778.0,0.04,-0.63,0.0,15.24,0.0,-19.77,-4.53
22878.0,-0.12,-0.42,0.0,10.18,0.0,3.96,14.14
22978.0,-0.16,-0.52,0.0,12.58,0.0,11.28,23.87
23078.0,-0.22,-0.55,0.0,13.18,0.0,27.96,41.14
23178.0,-0.18,-0.29,0.0,6.99,0.0,18.65,25.65
23278.0,-0.18,0.21,0.0,-5.14,0.0,23.03,17.89
23378.0,-0.02,0.34,0.0,-8.23,0.0,15.83,7.61
23478.0,0.07,0.17,0.0,-4.08,0.0,5.46,1.38
23578.0,0.14,-0.02,0.0,0.44,0.0,-15.54,-15.09
23678.0,0.14,-0.21,0.0,4.97,0.0,-24.92,-19.94
23778.0,0.15,-0.54,0.0,13.04,0.0,-24.15,-11.1
23878.0,0.11,-0.54,0.0,12.97,0.0,-21.78,-8.81
23978.0,0.02,-0.57,0.0,13.76,0.0,-20.67,-6.9
24078.0,0.01,-0.89,0.0,21.28,0.0,-15.52,5.76
24178.0,-0.08,-0.58,0.0,14.03,0.01,-10.85,3.19
24278.0,-0.03,-0.06,0.0,1.48,0.01,-32.04,-30.56
24378.0,0.0,0.09,0.0,-2.25,0.01,-42.61,-44.86
24478.0,-0.01,0.29,0.0,-6.89,0.01,-48.61,-55.49
24578.0,0.15,0.22,0.0,-5.39,0.01,-34.77,-40.15
24678.0,0.05,0.52,0.0,-12.39,0.01,-33.93,-46.32
24778.0,-0.06,0.45,0.0,-10.7,0.0,0.35,-10.35
24878.0,0.13,0.17,0.0,-4.15,0.0,-4.56,-8.71
24978.0,0.24,0.34,0.0,-8.27,0.0,-5.44,-13.71
25078.0,0.12,0.02,0.0,-0.41,0.0,-15.72,-16.12
25178.0,0.18,-0.28,0.0,6.7,0.0,-25.01,-18.31
25278.0,0.1,-0.84,0.0,20.16,0.0,-25.94,-5.78
25378.0,-0.02,-0.92,0.0,22.05,0.0,-16.84,5.22
25478.0,-0.01,-0.93,0.0,22.22,0.0,-11.62,10.61
25578.0,-0.01,-1.1,0.0,26.4,0.01,-0.37,26.04
25678.0,-0.01,-0.62,0.0,14.77,0.01,-22.32,-7.54
25778.0,-0.09,-0.22,0.0,5.21,0.01,-0.68,4.54
25878.0,-0.07,-0.36,0.0,8.7,0.01,24.73,33.43
25978.0,-0.26,0.28,0.0,-6.78,0.01,32.24,25.47
26078.0,-0.19,0.74,0.0,-17.76,0.01,38.49,20.73
26178.0,-0.16,0.88,0.0,-21.17,0.01,37.52,16.36
26278.0,-0.09,1.19,0.0,-28.53,0.0,31.71,3.18
26378.0,-0.16,0.96,0.0,-23.04,0.0,23.3,0.27
26478.0,-0.0,1.05,0.0,-25.08,0.0,16.67,-8.41
26578.0,-0.18,0.42,0.0,-10.1,0.0,15.57,5.48
26678.0,-0.04,0.09,0.0,-2.07,0.0,32.48,30.41
26778.0,0.13,-0.16,0.0,3.81,0.0,41.51,45.32
26878.0,0.09,-1.03,0.0,24.83,0.0,45.07,69.9
26978.0,0.12,-1.15,0.0,27.61,0.0,2.71,30.33
27078.0,0.06,-0.94,0.0,22.63,0.0,8.5,31.14
27178.0,-0.05,-0.97,0.0,23.39,0.01,26.62,50.01
27278.0,-0.06,-0.87,0.0,20.78,0.01,24.49,45.28
27378.0,-0.08,-0.76,0.0,18.13,0.01,-5.79,12.34
27478.0,-0.27,-0.8,0.0,19.31,0.01,11.71,31.02
27578.0,-0.12,-0.09,0.0,2.24,0.01,31.55,33.79
27678.0,-0.23,0.73,0.0,-17.53,0.01,4.78,-12.74
27778.0,-0.22,1.17,0.0,-28.16,0.01,-15.1,-43.25
27878.0,-0.18,0.83,0.0,-19.93,0.01,-49.63,-69.55
27978.0,-0.03,1.15,0.0,-27.49,0.0,-34.77,-62.26
28078.0,-0.1,1.19,0.0,-28.52,0.0,-46.63,-75.14
28178.0,0.01,1.26,0.0,-30.18,0.0,-32.74,-62.91
28278.0,-0.01,1.18,0.0,-28.35,0.0,-35.93,-64.27
28378.0,0.14,1.07,0.0,-25.78,0.0,-16.05,-41.83
28478.0,0.02,0.33,0.0,-7.91,0.0,10.31,2.4
28578.0,-0.1,0.03,0.0,-0.79,0.0,2.89,2.11
28678.0,-0.21,-0.3,0.0,7.25,0.0,6.16,13.41
28778.0,-0.19,-0.44,0.0,10.6,0.0,13.14,23.74
28878.0,-0.23,-0.66,0.0,15.88,0.0,21.84,37.72
28978.0,-0.29,-0.8,0.0,19.24,0.0,22.15,41.4
29078.0,-0.29,-0.93,0.0,22.33,0.0,27.19,49.52
29178.0,-0.34,-0.71,0.0,16.99,0.01,27.26,44.26
29278.0,-0.22,-0.37,0.0,8.83,0.01,40.91,49.75
29378.0,-0.16,-0.23,0.0,5.61,0.01,40.45,46.06
29478.0,-0.27,0.12,0.0,-2.82,0.01,36.95,34.14
29578.0,-0.19,0.5,0.0,-11.96,0.01,26.86,14.91
29678.0,-0.09,0.65,0.0,-15.69,0.01,-0.31,-16.0
29778.0,-0.18,0.71,0.0,-16.97,0.01,11.25,-5.71
29878.0,-0.11,0.76,0.0,-18.25,0.01,6.52,-11.73
29978.0,-0.07,0.81,0.0,-19.54,0.0,2.09,-17.45
30078.0,0.1,0.79,0.0,-18.92,0.0,-5.15,-24.06
30178.0,0.01,0.54,0.0,-12.95,0.0,-18.19,-31.13
30278.0,-0.0,0.32,0.0,-7.69,0.0,-17.28,-24.96
30378.0,0.02,0.3,0.0,-7.27,0.0,-19.9,-27.16
30478.0,-0.04,0.04,0.0,-0.91,0.01,-14.66,-15.57
30578.0,-0.04,0.24,0.0,-5.75,0.01,-14.33,-20.07
30678.0,-0.07,-0.07,0.0,1.6,0.01,-29.53,-27.93
30778.0,-0.09,-0.04,0.0,0.86,0.01,-42.91,-42.04
30878.0,-0.04,-0.02,0.0,0.41,0.01,-44.57,-44.16
30978.0,0.02,-0.06,0.0,1.36,0.01,-34.06,-32.69
31078.0,-0.0,0.02,0.0,-0.52,0.01,-42.85,-43.36
31178.0,0.03,0.14,0.0,-3.39,0.01,-39.21,-42.59
31278.0,0.05,-0.09,0.0,2.27,0.01,-35.14,-32.86
31378.0,0.04,-0.23,0.0,5.44,0.01,-36.86,-31.42
31478.0,-0.05,-0.4,0.0,9.65,0.01,-34.86,-25.21
31578.0,-0.06,-0.45,0.0,10.74,0.01,-34.15,-23.4
31678.0,-0.03,-0.07,0.0,1.78,0.01,-31.11,-29.32
31778.0,-0.11,-0.44,0.0,10.57,0.01,-38.44,-27.86
31878.0,-0.14,0.25,0.0,-5.88,0.01,-17.19,-23.06
31978.0,-0.08,0.28,0.0,-6.7,0.01,-39.96,-46.65
32078.0,-0.12,0.24,0.0,-5.82,0.01,-46.15,-51.96
32178.0,-0.04,0.72,0.0,-17.2,0.01,-48.77,-65.96
32278.0,-0.08,0.42,0.0,-10.14,0.01,-23.1,-33.24
32378.0,0.04,0.3,0.0,-7.23,0.01,-34.94,-42.16
32478.0,0.02,0.11,0.0,-2.73,0.01,-34.17,-36.9
32578.0,0.01,-0.22,0.0,5.35,0.01,-33.34,-27.99
32678.0,0.06,-0.35,0.0,8.42,0.01,-27.76,-19.33
32778.0,-0.05,-0.4,0.0,9.63,0.01,-8.92,0.71
32878.0,-0.11,-0.41,0.0,9.86,0.01,6.28,16.15
32978.0,-0.13,-0.44,0.0,10.65,0.01,18.5,29.15
33078.0,-0.17,-0.05,0.0,1.24,0.01,29.92,31.16
33178.0,-0.31,0.46,0.0,-10.92,0.01,33.97,23.05
33278.0,-0.2,0.62,0.0,-14.97,0.01,31.31,16.34
33378.0,-0.16,0.86,0.0,-20.68,0.01,36.59,15.91
33478.0,-0.11,0.79,0.0,-19.0,0.01,36.16,17.17
33578.0,-0.16,0.57,0.0,-13.56,0.01,22.74,9.18
33678.0,0.0,0.45,0.0,-10.8,0.01,41.42,30.62
33778.0,0.03,-0.07,0.0,1.71,0.01,37.03,38.75
33878.0,0.01,-0.69,0.0,16.51,0.01,21.75,38.26
33978.0,0.03,-0.9,0.0,21.69,0.01,25.96,47.65
34078.0,0.07,-0.47,0.0,11.32,0.01,5.31,16.64
34178.0,0.12,-0.58,0.0,13.81,0.01,-24.39,-10.57
34278.0,0.17,-0.27,0.0,6.47,0.01,-23.69,-17.21
34378.0,0.2,-0.08,0.0,1.94,0.01,-33.6,-31.65
34478.0,0.3,0.09,0.0,-2.08,0.01,-48.4,-50.48
34578.0,0.28,0.48,0.0,-11.5,0.01,-48.59,-60.08
34678.0,0.38,0.33,0.0,-8.02,0.01,-47.21,-55.22
34778.0,0.49,0.2,0.0,-4.68,0.01,-23.54,-28.22
34878.0,0.1,-0.47,0.0,11.36,0.01,16.8,28.16
34978.0,0.04,-0.43,0.0,10.37,0.01,32.92,43.3
35078.0,0.08,-0.28,0.0,6.61,0.01,41.06,47.68
35178.0,0.04,-0.26,0.0,6.17,0.01,50.77,56.95
35278.0,-0.02,-0.46,0.0,10.92,0.01,44.52,55.45
35378.0,-0.04,-0.4,0.0,9.7,0.01,29.18,38.9
35478.0,-0.05,-0.57,0.0,13.71,0.01,30.65,44.37
35578.0,-0.07,-0.5,0.0,12.0,0.01,17.94,29.94
35678.0,-0.09,0.0,0.0,-0.06,0.01,12.82,12.77
35778.0,-0.04,0.11,0.0,-2.59,0.01,17.09,14.51
35878.0,-0.03,0.43,0.0,-10.36,0.01,7.73,-2.62
35978.0,-0.02,0.62,0.0,-14.92,0.01,-5.48,-20.39
36078.0,0.26,0.94,0.0,-22.47,0.01,-4.73,-27.19
36178.0,0.24,0.87,0.0,-20.8,0.01,-3.65,-24.44
36278.0,0.3,1.08,0.0,-25.87,0.01,-16.86,-42.72
36378.0,0.28,0.85,0.0,-20.36,0.01,-32.56,-52.91
36478.0,0.25,0.7,0.0,-16.69,0.01,-27.35,-44.03
36578.0,0.15,0.37,0.0,-8.98,0.01,-28.01,-36.98
36678.0,0.13,-0.04,0.0,0.88,0.01,-36.7,-35.81
36778.0,0.16,-0.33,0.0,7.81,0.01,-34.83,-27.01
36878.0,0.14,-0.44,0.0,10.68,0.01,-30.41,-19.73
36978.0,0.15,-0.24,0.0,5.79,0.01,-38.86,-33.06
37078.0,0.12,-0.16,0.0,3.74,0.01,-35.32,-31.58
37178.0,0.23,0.02,0.0,-0.58,0.01,-52.49,-53.06
37278.0,0.23,0.23,0.0,-5.57,0.01,-48.9,-54.46
37378.0,0.3,0.4,0.0,-9.61,0.01,-48.66,-58.26
37478.0,0.31,0.19,0.0,-4.58,0.01,-24.4,-28.98
37578.0,0.19,0.14,0.0,-3.46,0.01,-1.23,-4.68
37678.0,0.14,0.0,0.0,-0.06,0.01,16.58,16.53
37778.0,0.02,-0.58,0.0,13.97,0.01,33.87,47.85
37878.0,-0.06,-0.76,0.0,18.14,0.01,42.58,60.72
37978.0,-0.06,-1.04,0.0,25.02,0.01,47.74,72.77
38078.0,0.03,-1.05,0.0,25.12,0.01,32.61,57.73
38178.0,-0.09,-1.0,0.0,24.0,0.01,22.86,46.87
38278.0,-0.17,-0.58,0.0,13.96,0.01,15.15,29.12
38378.0,-0.07,-0.11,0.0,2.6,0.01,19.14,21.75
38478.0,-0.03,0.3,0.0,-7.27,0.01,24.73,17.47
38578.0,-0.12,0.34,0.0,-8.27,0.01,21.87,13.62
38678.0,0.07,0.88,0.0,-21.01,0.01,17.5,-3.51
38778.0,-0.05,1.09,0.0,-26.12,0.01,-0.09,-26.2
38878.0,0.05,0.76,0.0,-18.27,0.01,3.7,-14.56
38978.0,0.14,0.89,0.0,-21.3,0.01,-10.99,-32.28
39078.0,0.14,0.87,0.0,-20.91,0.01,0.27,-20.63
39178.0,0.1,0.45,0.0,-10.89,0.01,-21.67,-32.55
39278.0,0.1,0.16,0.0,-3.73,0.01,-27.94,-31.66
39378.0,0.04,-0.36,0.0,8.65,0.01,-27.26,-18.6
39478.0,0.08,-0.31,0.0,7.52,0.01,-34.68,-27.16
39578.0,0.17,-0.54,0.0,12.95,0.01,-36.15,-23.19
39678.0,0.23,-0.06,0.0,1.39,0.01,-28.82,-27.42
39778.0,0.18,-0.08,0.0,1.86,0.01,-48.95,-47.09
39878.0,0.15,0.02,0.0,-0.37,0.01,-42.25,-42.61
39978.0,0.25,0.33,0.0,-7.81,0.01,-50.36,-58.16
40078.0,0.1,0.09,0.0,-2.14,0.01,-28.95,-31.08
40178.0,0.1,-0.01,0.0,0.31,0.01,-22.37,-22.05
40278.0,0.15,-0.29,0.0,7.05,0.01,-17.66,-10.6
40378.0,0.21,-0.28,0.0,6.8,0.01,-22.33,-15.53
40478.0,0.26,-0.38,0.0,9.17,0.01,-32.72,-23.54
40578.0,0.37,-0.65,0.0,15.68,0.01,-33.78,-18.09
40678.0,0.41,-0.64,0.0,15.36,0.01,-36.88,-21.51
40778.0,0.48,-0.9,0.0,21.48,0.01,-36.57,-15.08
40878.0,0.47,-0.4,0.0,9.71,0.01,-31.42,-21.7
40978.0,0.4,-0.37,0.0,8.97,0.01,-23.93,-14.95
41078.0,0.43,-0.49,0.0,11.69,0.01,-28.03,-16.34
41178.0,0.3,-0.53,0.0,12.71,0.01,-26.75,-14.03
41278.0,0.19,-0.42,0.0,10.06,0.01,-1.04,9.03
41378.0,0.17,-0.28,0.0,6.62,0.01,23.16,29.79
41478.0,0.15,-0.06,0.0,1.51,0.01,31.86,33.38
41578.0,0.09,0.16,0.0,-3.88,0.01,42.34,38.47
41678.0,0.12,-0.04,0.0,0.88,0.01,52.3,53.19
41778.0,0.27,0.08,0.0,-1.84,0.01,21.03,19.21
41878.0,0.13,0.27,0.0,-6.55,0.01,-2.42,-8.96
41978.0,0.18,-0.09,0.0,2.2,0.01,-12.75,-10.54
42078.0,0.11,-0.33,0.0,8.03,0.01,-18.06,-10.02
42178.0,0.12,-0.15,0.0,3.49,0.01,-29.44,-25.95
42278.0,0.12,0.02,0.0,-0.36,0.01,-20.28,-20.63
42378.0,0.13,0.27,0.0,-6.44,0.01,-30.89,-37.32
42478.0,0.22,0.47,0.0,-11.16,0.01,-42.76,-53.91
42578.0,0.16,0.58,0.0,-13.9,0.01,-41.42,-55.31
42678.0,0.21,0.55,0.0,-13.24,0.01,-37.87,-51.1
42778.0,0.15,0.53,0.0,-12.69,0.01,-41.9,-54.58
42878.0,0.06,0.04,0.0,-0.98,0.01,-29.42,-30.39
42978.0,0.11,-0.32,0.0,7.65,0.01,-25.32,-17.66
43078.0,0.23,-0.62,0.0,14.95,0.01,-33.42,-18.45
43178.0,0.32,-0.61,0.0,14.75,0.01,-36.53,-21.78
43278.0,0.38,-0.74,0.0,17.66,0.01,-29.3,-11.63
43378.0,0.3,-0.46,0.0,10.95,0.01,-35.19,-24.23
43478.0,0.32,-0.47,0.0,11.38,0.01,-32.94,-21.55
43578.0,0.25,-0.39,0.0,9.42,0.01,-35.45,-26.02
43678.0,0.28,0.17,0.0,-4.04,0.01,-33.77,-37.79
43778.0,0.2,0.33,0.0,-7.99,0.01,-49.36,-57.34
43878.0,0.16,0.5,0.0,-12.05,0.01,-17.52,-29.56
43978.0,0.03,0.07,0.0,-1.73,0.01,-23.78,-25.5
44078.0,-0.03,-0.09,0.0,2.27,0.01,-9.66,-7.38
44178.0,0.02,-0.47,0.0,11.2,0.01,11.16,22.36
44278.0,-0.16,-0.74,0.0,17.75,0.01,29.79,47.54
44378.0,-0.04,-0.99,0.0,23.75,0.01,36.46,60.22
44478.0,-0.13,-1.06,0.0,25.34,0.01,15.85,41.19
44578.0,0.02,-1.0,0.0,23.95,0.01,3.96,27.92
44678.0,-0.02,-0.98,0.0,23.44,0.01,6.32,29.77
44778.0,0.24,-0.19,0.0,4.47,0.01,-6.82,-2.34
44878.0,0.07,-0.29,0.0,6.89,0.01,-23.43,-16.53
44978.0,0.06,0.06,0.0,-1.53,0.01,-13.19,-14.71
45078.0,-0.02,0.18,0.0,-4.4,0.01,1.83,-2.56
45178.0,-0.15,0.08,0.0,-1.85,0.01,24.64,22.8
45278.0,-0.12,-0.22,0.0,5.18,0.01,31.64,36.83
45378.0,-0.01,-0.36,0.0,8.56,0.01,32.87,41.44
45478.0,0.0,-0.71,0.0,16.95,0.01,44.61,61.57
45578.0,-0.15,-0.73,0.0,17.57,0.01,17.57,35.15
45678.0,-0.07,-0.77,0.0,18.41,0.01,22.41,40.83
45778.0,-0.1,-0.59,0.0,14.22,0.01,30.78,45.01
45878.0,-0.06,-0.47,0.0,11.31,0.01,37.52,48.84
45978.0,0.0,-0.13,0.0,3.14,0.01,24.97,28.12
46078.0,0.13,0.07,0.0,-1.8,0.01,29.04,27.25
46178.0,0.07,0.2,0.0,-4.77,0.01,29.33,24.57
46278.0,-0.03,-0.18,0.0,4.2,0.01,26.97,31.18
46378.0,0.05,-0.09,0.0,2.06,0.01,41.48,43.55
46478.0,-0.01,-0.3,0.0,7.29,0.01,19.42,26.72
46578.0,-0.15,-0.6,0.0,14.44,0.01,13.34,27.79
46678.0,-0.02,-0.39,0.0,9.25,0.01,15.94,25.19
46778.0,-0.05,-0.41,0.0,9.94,0.01,37.12,47.07
46878.0,-0.07,-0.22,0.0,5.24,0.01,22.81,28.06
46978.0,-0.09,0.11,0.0,-2.75,0.01,37.17,34.43
47078.0,-0.11,0.41,0.0,-9.88,0.01,31.13,21.26
47178.0,-0.05,0.36,0.0,-8.63,0.01,40.93,32.31
47278.0,0.07,0.02,0.0,-0.4,0.01,40.74,40.35
47378.0,-0.04,-0.11,0.0,2.7,0.01,23.12,25.83
47478.0,-0.02,-0.08,0.0,1.9,0.01,14.91,16.82
47578.0,-0.08,-0.45,0.0,10.74,0.01,20.37,31.12
47678.0,-0.06,-0.38,0.0,9.2,0.01,32.35,41.56
47778.0,-0.05,-0.05,0.0,1.16,0.01,27.5,28.67
47878.0,-0.06,0.18,0.0,-4.31,0.01,22.2,17.91
47978.0,-0.17,0.05,0.0,-1.09,0.01,30.47,29.39
48078.0,-0.1,-0.0,0.0,0.04,0.01,36.92,36.97
48178.0,-0.15,-0.15,0.0,3.71,0.01,41.62,45.35
48278.0,-0.19,-0.35,0.0,8.47,0.01,23.96,32.44
48378.0,-0.22,-0.55,0.0,13.13,0.01,19.68,32.82
48478.0,-0.18,-0.47,0.0,11.17,0.01,22.86,34.04
48578.0,-0.15,-0.15,0.0,3.51,0.01,24.31,27.83
48678.0,-0.1,-0.01,0.0,0.24,0.01,26.51,26.76
48778.0,-0.17,0.21,0.0,-5.01,0.01,22.68,17.68
48878.0,-0.23,-0.02,0.0,0.56,0.01,31.99,32.55
48978.0,-0.14,0.16,0.0,-3.72,0.01,37.61,33.9
49078.0,-0.13,-0.25,0.0,6.05,0.01,16.54,22.61
49178.0,-0.26,-0.7,0.0,16.9,0.01,17.4,34.31
49278.0,-0.02,-0.34,0.0,8.16,0.01,-21.38,-13.21
49378.0,-0.07,0.15,0.0,-3.49,0.01,-27.43,-30.9
49478.0,-0.18,-0.04,0.0,1.02,0.01,-39.79,-38.76
49578.0,-0.17,0.21,0.0,-5.02,0.01,-18.01,-23.02
49678.0,-0.36,0.0,0.0,-0.01,0.01,-17.41,-17.4
49778.0,-0.19,0.21,0.0,-4.94,0.01,-25.3,-30.23
49878.0,-0.18,0.09,0.0,-2.11,0.01,-32.79,-34.89
49978.0,-0.08,-0.06,0.0,1.34,0.01,-38.49,-37.14
50078.0,0.02,-0.1,0.0,2.47,0.01,-31.82,-29.34
50178.0,-0.04,-0.15,0.0,3.65,0.01,-44.06,-40.4
50278.0,-0.02,0.04,0.0,-1.03,0.01,-40.71,-41.73
50378.0,0.0,0.26,0.0,-6.21,0.01,-41.28,-47.48
50478.0,-0.03,0.13,0.0,-3.22,0.01,-14.16,-17.37
50578.0,-0.22,-0.32,0.0,7.64,0.01,-12.68,-5.03
50678.0,-0.31,-0.64,0.0,15.25,0.01,2.23,17.49
50778.0,-0.22,-0.57,0.0,13.76,0.01,19.29,33.06
50878.0,-0.23,-0.38,0.0,9.08,0.01,20.83,29.92
50978.0,-0.27,-0.44,0.0,10.58,0.01,28.74,39.33
51078.0,-0.26,-0.21,0.0,5.09,0.01,32.83,37.93
51178.0,-0.3,0.14,0.0,-3.4,0.01,31.99,28.6
51278.0,-0.29,0.67,0.0,-16.04,0.01,16.87,0.84
51378.0,-0.27,0.54,0.0,-12.93,0.01,-4.43,-17.35
51478.0,-0.15,0.68,0.0,-16.31,0.01,-22.42,-38.73
51578.0,-0.16,0.49,0.0,-11.87,0.01,-20.35,-32.21
51678.0,-0.12,0.37,0.0,-8.88,0.01,-27.26,-36.13
51778.0,-0.19,-0.11,0.0,2.61,0.01,-33.42,-30.79
51878.0,-0.13,-0.55,0.0,13.19,0.01,-23.98,-10.78
51978.0,-0.41,-0.56,0.0,13.49,0.01,-5.55,7.95
52078.0,-0.24,-0.4,0.0,9.53,0.01,17.99,27.53
52178.0,-0.27,-0.27,0.0,6.39,0.01,26.03,32.43
52278.0,-0.21,0.05,0.0,-1.17,0.01,27.54,26.37
52378.0,-0.17,-0.27,0.0,6.55,0.01,38.6,45.16
52478.0,-0.21,-0.32,0.0,7.72,0.01,39.57,47.3
52578.0,-0.33,-0.4,0.0,9.54,0.01,21.49,31.04
52678.0,-0.32,-0.46,0.0,10.93,0.01,16.1,27.05
52778.0,-0.27,-0.5,0.0,11.93,0.01,12.02,23.96
52878.0,-0.23,-0.55,0.0,13.23,0.01,25.83,39.08
52978.0,-0.22,0.13,0.0,-3.22,0.01,8.19,4.98
53078.0,-0.17,0.23,0.0,-5.64,0.01,8.88,3.26
53178.0,-0.08,-0.03,0.0,0.71,0.01,-4.62,-3.89
53278.0,-0.18,-0.48,0.0,11.51,0.01,-4.43,7.09
53378.0,-0.12,-0.46,0.0,11.06,0.01,9.62,20.69
53478.0,0.07,-0.76,0.0,18.3,0.01,8.37,26.68
53578.0,-0.1,-0.71,0.0,16.95,0.01,15.02,31.98
53678.0,0.0,-0.36,0.0,8.75,0.01,11.34,20.1
53778.0,-0.15,-0.39,0.0,9.47,0.01,4.45,13.93
53878.0,-0.12,-0.09,0.0,2.06,0.01,8.46,10.54
53978.0,-0.25,-0.03,0.0,0.78,0.01,17.48,18.27
54078.0,-0.28,-0.19,0.0,4.66,0.01,24.77,29.44
54178.0,-0.26,-0.33,0.0,7.98,0.01,43.93,51.93
54278.0,-0.37,-0.6,0.0,14.4,0.01,18.92,33.34
54378.0,-0.26,-0.53,0.0,12.62,0.01,21.31,33.94
54478.0,-0.3,0.01,0.0,-0.17,0.01,2.95,2.79
54578.0,-0.32,0.44,0.0,-10.6,0.01,-7.84,-18.43
54678.0,-0.22,0.87,0.0,-20.85,0.01,-5.5,-26.34
54778.0,-0.28,0.42,0.0,-10.12,0.01,19.93,9.82
54878.0,-0.19,0.18,0.0,-4.39,0.01,-1.83,-6.21
54978.0,-0.03,-0.28,0.0,6.69,0.01,-12.39,-5.69
55078.0,-0.16,-0.91,0.0,21.89,0.01,-14.29,7.61
55178.0,-0.1,-0.73,0.0,17.57,0.01,-18.85,-1.27
55278.0,-0.18,-0.51,0.0,12.2,0.01,-11.41,0.8
55378.0,-0.26,0.02,0.0,-0.38,0.01,-6.58,-6.95
55478.0,-0.26,0.45,0.0,-10.85,0.01,-30.82,-41.66
55578.0,-0.15,0.77,0.0,-18.41,0.01,-16.64,-35.04
55678.0,-0.25,0.68,0.0,-16.34,0.01,-6.12,-22.44
55778.0,-0.14,0.69,0.0,-16.64,0.01,5.04,-11.59
55878.0,-0.23,0.8,0.0,-19.17,0.01,6.83,-12.32
55978.0,-0.13,0.41,0.0,-9.89,0.01,6.38,-3.5
56078.0,-0.16,-0.03,0.0,0.74,0.01,-12.22,-11.47
56178.0,-0.23,-0.23,0.0,5.51,0.01,-12.46,-6.94
56278.0,-0.29,-0.09,0.0,2.12,0.01,-5.92,-3.79
56378.0,-0.28,0.29,0.0,-7.01,0.01,0.33,-6.67
56478.0,0.01,0.67,0.0,-16.08,0.01,-5.2,-21.27
56578.0,-0.11,1.03,0.0,-24.83,0.01,-19.57,-44.39
56678.0,-0.24,0.78,0.0,-18.63,0.01,0.46,-18.16
56778.0,-0.27,0.29,0.0,-7.02,0.01,27.13,20.12
56878.0,-0.19,-0.23,0.0,5.63,0.01,42.45,48.09
56978.0,-0.2,-0.11,0.0,2.59,0.01,41.53,44.13
57078.0,-0.19,-0.64,0.0,15.39,0.01,32.37,47.77
57178.0,-0.21,-0.7,0.0,16.87,0.01,26.91,43.8
57278.0,-0.21,-0.6,0.0,14.3,0.01,-1.19,13.12
57378.0,-0.08,-0.05,0.0,1.23,0.01,-26.99,-25.74
57478.0,-0.22,-0.39,0.0,9.28,0.01,-2.84,6.45
57578.0,-0.19,0.38,0.0,-9.19,0.01,-7.15,-16.33
57678.0,-0.23,0.34,0.0,-8.07,0.01,9.97,1.91
57778.0,-0.19,0.55,0.0,-13.18,0.01,-0.02,-13.19
57878.0,-0.24,0.28,0.0,-6.77,0.01,-5.61,-12.37
57978.0,-0.22,0.58,0.0,-14.03,0.01,-32.92,-46.94
58078.0,-0.15,0.05,0.0,-1.1,0.01,-30.39,-31.48
58178.0,-0.18,-0.93,0.0,22.26,0.01,-25.78,-3.51
58278.0,-0.15,-1.09,0.0,26.06,0.01,-12.99,13.08
58378.0,-0.3,-1.16,0.0,27.86,0.01,3.17,31.04
58478.0,-0.62,-0.58,0.0,13.94,0.01,-15.72,-1.77
58578.0,-0.53,-0.09,0.0,2.13,0.01,-19.11,-16.97
58678.0,-0.52,0.52,0.0,-12.49,0.01,-29.02,-41.5
58778.0,-0.42,0.77,0.0,-18.49,0.01,-37.74,-56.22
58878.0,-0.4,0.96,0.0,-23.03,0.01,-28.95,-51.97
58978.0,-0.37,0.97,0.0,-23.18,0.01,-32.72,-55.89
59078.0,-0.21,1.06,0.0,-25.48,0.01,-4.14,-29.61
59178.0,-0.36,0.82,0.0,-19.72,0.01,-26.02,-45.72
59278.0,-0.19,0.83,0.0,-19.81,0.01,-7.75,-27.55
59378.0,-0.33,0.57,0.0,-13.67,0.01,-25.52,-39.18
59478.0,-0.2,0.19,0.0,-4.67,0.01,-37.96,-42.62
59578.0,-0.14,-0.3,0.0,7.11,0.01,-30.41,-23.29
59678.0,-0.2,-0.82,0.0,19.6,0.01,-27.76,-8.14
59778.0,-0.16,-1.2,0.0,28.92,0.01,-17.99,10.94
59878.0,-0.14,-1.37,0.0,32.99,0.01,6.65,39.65
59978.0,-0.05,-0.98,0.0,23.41,0.01,1.61,25.04
60078.0,-0.1,-0.39,0.0,9.43,0.01,3.15,12.59
60178.0,-0.19,-0.25,0.0,5.98,0.01,31.38,37.37
60278.0,-0.16,0.03,0.0,-0.81,0.01,24.88,24.08
60378.0,-0.22,0.48,0.0,-11.42,0.01,21.71,10.3
60478.0,-0.21,0.57,0.0,-13.73,0.01,25.34,11.62
60578.0,-0.25,0.61,0.0,-14.76,0.01,20.52,5.77
60678.0,-0.29,0.33,0.0,-8.01,0.01,30.58,22.58
60778.0,-0.41,-0.06,0.0,1.48,0.01,29.77,31.26
60878.0,-0.33,0.45,0.0,-10.86,0.01,6.87,-3.98
60978.0,-0.17,0.72,0.0,-17.38,0.01,-18.71,-36.07
61078.0,-0.28,0.07,0.0,-1.62,0.01,-29.42,-31.03
61178.0,-0.22,-0.11,0.0,2.69,0.01,-28.47,-25.77
61278.0,-0.29,-0.56,0.0,13.47,0.01,-25.28,-11.8
61378.0,-0.25,-0.41,0.0,9.75,0.01,-32.54,-22.77
61478.0,-0.36,-0.09,0.0,2.08,0.01,-19.33,-17.24
61578.0,-0.51,0.01,0.0,-0.32,0.01,0.02,-0.29
61678.0,-0.16,0.56,0.0,-13.49,0.01,18.78,5.3
61778.0,-0.13,0.96,0.0,-22.97,0.01,22.2,-0.75
61878.0,-0.15,0.98,0.0,-23.42,0.01,13.96,-9.45
61978.0,-0.26,0.69,0.0,-16.52,0.01,17.68,1.17
62078.0,-0.23,0.58,0.0,-13.91,0.01,17.94,4.03
62178.0,-0.1,0.29,0.0,-7.0,0.01,6.43,-0.56
62278.0,-0.05,0.56,0.0,-13.44,0.01,-17.04,-30.47
62378.0,-0.23,0.13,0.0,-3.03,0.01,-22.28,-25.3
62478.0,-0.2,-0.46,0.0,11.13,0.01,-22.52,-11.37
62578.0,-0.2,-0.62,0.0,14.98,0.01,-16.23,-1.24
62678.0,-0.18,-0.6,0.0,14.46,0.01,-17.28,-2.81
62778.0,-0.13,-0.51,0.0,12.34,0.01,-8.68,3.66
62878.0,-0.16,-0.28,0.0,6.6,0.01,-16.76,-10.15
62978.0,-0.18,0.38,0.0,-9.11,0.01,-42.34,-51.43
63078.0,-0.12,0.23,0.0,-5.5,0.01,-26.9,-32.39
63178.0,-0.18,0.62,0.0,-15.0,0.01,-20.9,-35.89
63278.0,-0.28,0.32,0.0,-7.7,0.01,-14.35,-22.03
63378.0,-0.16,0.79,0.0,-19.06,0.01,-13.1,-32.15
63478.0,-0.27,0.29,0.0,-6.96,0.01,14.09,7.14
63578.0,-0.11,-0.11,0.0,2.56,0.01,33.14,35.71
63678.0,-0.15,-0.15,0.0,3.54,0.01,45.93,49.48
63778.0,-0.2,0.03,0.0,-0.68,0.01,43.73,43.07
63878.0,0.0,-0.2,0.0,4.89,0.01,54.01,58.91
63978.0,-0.0,-0.58,0.0,13.95,0.01,53.68,67.64
64078.0,0.15,-0.89,0.0,21.27,0.01,47.36,68.64
64178.0,0.01,-1.25,0.0,29.94,0.01,24.09,54.05
64278.0,0.02,-1.19,0.0,28.66,0.01,20.68,49.35
64378.0,0.26,-0.7,0.0,16.88,0.01,-28.25,-11.36
64478.0,0.07,-0.75,0.0,18.08,0.01,-24.81,-6.72
64578.0,0.08,-0.4,0.0,9.7,0.01,-10.66,-0.95
64678.0,0.05,-0.19,0.0,4.52,0.01,-12.46,-7.92
64778.0,-0.0,0.26,0.0,-6.23,0.01,16.34,10.12
64878.0,0.02,0.01,0.0,-0.19,0.01,20.94,20.76
64978.0,-0.14,0.52,0.0,-12.36,0.01,22.31,9.96
65078.0,-0.09,0.84,0.0,-20.12,0.01,24.16,4.06
65178.0,-0.16,0.7,0.0,-16.82,0.01,16.41,-0.39
65278.0,-0.15,0.71,0.0,-17.09,0.01,20.41,3.33
65378.0,-0.16,0.45,0.0,-10.7,0.01,23.74,13.06
65478.0,-0.19,0.13,0.0,-3.17,0.01,10.9,7.74
65578.0,-0.17,0.1,0.0,-2.34,0.01,10.77,8.44
65678.0,-0.39,-0.71,0.0,17.03,0.01,25.36,42.4
65778.0,-0.28,-0.54,0.0,12.96,0.01,34.63,47.6
65878.0,-0.26,-1.0,0.0,24.08,0.01,47.43,71.53
65978.0,-0.4,-1.28,0.0,30.61,0.01,35.07,65.69
66078.0,-0.33,-1.16,0.0,27.78,0.01,30.87,58.67
66178.0,-0.24,-0.85,0.0,20.47,0.01,26.95,47.43
66278.0,-0.33,-0.6,0.0,14.51,0.01,15.3,29.82
66379.0,-0.45,-0.74,0.0,17.87,0.01,0.38,18.27
66479.0,-0.42,-0.59,0.0,14.06,0.01,1.67,15.74
66579.0,-0.41,-0.3,0.0,7.13,0.01,21.42,28.56
66679.0,-0.42,0.43,0.0,-10.2,0.01,11.6,1.4
66779.0,-0.42,0.3,0.0,-7.15,0.01,24.24,17.1
66879.0,-0.39,0.63,0.0,-15.22,0.01,15.83,0.62
66979.0,-0.39,0.66,0.0,-15.95,0.01,27.15,11.22
67079.0,-0.48,0.21,0.0,-5.04,0.01,26.38,21.36
67179.0,-0.42,-0.22,0.0,5.21,0.01,30.21,35.43
67279.0,-0.46,-0.58,0.0,14.0,0.01,33.31,47.32
67379.0,-0.41,0.38,0.0,-9.1,0.01,11.3,2.21
67479.0,-0.29,0.49,0.0,-11.71,0.01,-8.67,-20.36
67579.0,-0.35,-0.2,0.0,4.81,0.01,-10.96,-6.14
67679.0,-0.31,-0.24,0.0,5.7,0.01,-14.46,-8.74
67779.0,-0.35,-0.48,0.0,11.48,0.01,-6.41,5.08
67879.0,-0.37,-0.42,0.0,10.08,0.01,-3.32,6.78
67979.0,-0.38,-0.37,0.0,8.79,0.01,-3.35,5.45
68079.0,-0.23,0.23,0.0,-5.63,0.01,16.91,11.3
68179.0,-0.12,0.65,0.0,-15.69,0.01,6.45,-9.23
68279.0,-0.22,1.09,0.0,-26.2,0.01,-25.98,-52.16
68379.0,-0.27,0.91,0.0,-21.78,0.01,-8.76,-30.53
68479.0,-0.29,0.7,0.0,-16.88,0.01,-25.1,-41.97
68579.0,-0.18,0.75,0.0,-17.93,0.01,-1.48,-19.4
68679.0,-0.15,0.73,0.0,-17.47,0.01,-9.18,-26.64
68779.0,-0.16,0.51,0.0,-12.36,0.01,-21.16,-33.51
68879.0,-0.16,0.18,0.0,-4.43,0.01,-36.17,-40.58
68979.0,-0.17,-0.29,0.0,6.9,0.01,-27.28,-20.37
69079.0,-0.18,-0.47,0.0,11.29,0.01,-32.81,-21.51
69179.0,-0.16,-0.74,0.0,17.65,0.01,-24.81,-7.14
69279.0,-0.25,-0.68,0.0,16.34,0.01,-18.21,-1.86
69379.0,-0.27,-0.89,0.0,21.34,0.01,-9.67,11.68
69479.0,-0.24,-0.04,0.0,0.87,0.01,-20.15,-19.27
69579.0,-0.25,-0.04,0.0,0.92,0.01,-48.15,-47.21
69679.0,-0.22,0.54,0.0,-13.05,0.01,-39.87,-52.91
69779.0,-0.16,1.04,0.0,-24.9,0.01,-24.26,-49.14
69879.0,-0.3,0.9,0.0,-21.63,0.01,-28.25,-49.87
69979.0,-0.42,0.48,0.0,-11.58,0.01,-23.74,-35.31
70079.0,-0.42,0.42,0.0,-10.07,0.01,-14.22,-24.27
70179.0,-0.52,-0.03,0.0,0.65,0.01,-19.24,-18.57
70279.0,-0.44,-0.36,0.0,8.73,0.01,-7.46,1.28
70379.0,-0.43,-0.7,0.0,16.87,0.01,21.78,38.67
70479.0,-0.32,-0.73,0.0,17.44,0.01,31.44,48.89
70579.0,-0.22,-0.97,0.0,23.2,0.01,18.1,41.31
70679.0,-0.03,-1.29,0.0,30.88,0.01,-2.99,27.91
70779.0,0.03,-1.2,0.0,28.92,0.01,-4.27,24.66
70879.0,-0.03,-0.78,0.0,18.82,0.01,3.44,22.28
70979.0,-0.07,-0.67,0.0,16.16,0.01,-2.05,14.12
71079.0,-0.06,-0.22,0.0,5.32,0.01,-15.44,-10.11
71179.0,-0.12,0.35,0.0,-8.4,0.01,-23.73,-32.11
71279.0,-0.2,0.56,0.0,-13.42,0.01,-33.14,-46.55
71379.0,-0.16,0.92,0.0,-22.16,0.01,-26.77,-48.92
71479.0,-0.07,0.91,0.0,-21.72,0.01,-13.26,-34.97
71579.0,-0.27,0.61,0.0,-14.53,0.01,13.52,-1.0
71679.0,-0.31,-0.06,0.0,1.51,0.01,25.5,27.03
71779.0,-0.26,0.25,0.0,-5.93,0.01,40.05,34.13
71879.0,-0.17,-0.05,0.0,1.23,0.01,46.97,48.21
71979.0,-0.18,-0.55,0.0,13.16,0.01,45.18,58.35
72079.0,-0.09,-1.06,0.0,25.5,0.01,47.74,73.26
72179.0,-0.18,-1.11,0.0,26.57,0.01,9.12,35.71
72279.0,-0.21,-1.09,0.0,26.11,0.01,4.78,30.9
72379.0,-0.07,-0.59,0.0,14.23,0.01,-2.62,11.62
72479.0,-0.13,-0.1,0.0,2.33,0.01,-17.77,-15.43
72579.0,-0.09,0.36,0.0,-8.71,0.01,-29.26,-37.95
72679.0,-0.12,0.95,0.0,-22.74,0.01,-29.35,-52.08
72779.0,-0.23,0.84,0.0,-20.26,0.01,5.9,-14.34
72879.0,-0.17,0.94,0.0,-22.67,0.01,6.16,-16.5
72979.0,-0.13,0.49,0.0,-11.73,0.01,16.03,4.31
73079.0,-0.09,0.13,0.0,-3.13,0.01,26.11,22.99
73179.0,-0.29,0.24,0.0,-5.66,0.01,32.68,27.04
73279.0,-0.13,0.11,0.0,-2.74,0.01,43.66,40.93
73379.0,-0.2,-0.44,0.0,10.55,0.01,23.05,33.61
73479.0,-0.18,-0.54,0.0,12.99,0.01,27.7,40.7
73579.0,-0.09,-0.7,0.0,16.89,0.01,19.13,36.03
73679.0,-0.25,-0.84,0.0,20.08,0.01,3.99,24.09
73779.0,-0.21,-0.59,0.0,14.14,0.01,-5.35,8.81
73879.0,-0.15,-0.34,0.0,8.21,0.01,25.01,33.23
73979.0,-0.19,0.17,0.0,-4.14,0.01,11.56,7.43
74079.0,-0.22,0.12,0.0,-2.88,0.01,5.11,2.25
74179.0,-0.06,0.61,0.0,-14.69,0.01,-12.18,-26.86
74279.0,-0.05,0.24,0.0,-5.73,0.01,-4.62,-10.33
74379.0,-0.11,-0.02,0.0,0.53,0.01,-19.4,-18.86
74479.0,-0.07,-0.32,0.0,7.73,0.01,-24.04,-16.3
74579.0,0.07,-0.49,0.0,11.86,0.01,-23.91,-12.03
74679.0,0.07,-0.73,0.0,17.44,0.01,-30.23,-12.77
74779.0,-0.05,-0.89,0.0,21.4,0.01,-17.9,3.51
74879.0,0.08,-0.58,0.0,13.97,0.01,-0.2,13.78
74979.0,-0.02,-0.25,0.0,5.97,0.01,-0.09,5.89
75079.0,-0.1,-0.22,0.0,5.31,0.01,1.76,7.08
75179.0,-0.18,0.0,0.0,-0.09,0.01,11.58,11.5
75279.0,-0.2,0.32,0.0,-7.59,0.01,4.12,-3.45
75379.0,-0.21,0.37,0.0,-8.77,0.01,19.95,11.2
75479.0,-0.13,0.59,0.0,-14.13,0.01,-6.38,-20.49
75579.0,-0.24,0.44,0.0,-10.53,0.01,-9.23,-19.75
75679.0,-0.1,0.53,0.0,-12.67,0.01,-3.15,-15.81
75779.0,-0.15,0.39,0.0,-9.39,0.01,-15.54,-24.91
75879.0,-0.15,0.1,0.0,-2.4,0.01,-17.46,-19.85
75979.0,-0.18,-0.41,0.0,9.83,0.01,-5.68,4.17
76079.0,-0.22,-0.46,0.0,11.0,0.01,-11.4,-0.39
76179.0,-0.28,-0.6,0.0,14.41,0.01,-2.53,11.9
76279.0,-0.3,-0.56,0.0,13.5,0.01,12.13,25.64
76379.0,-0.16,0.01,0.0,-0.26,0.01,-14.18,-14.43
76479.0,-0.24,-0.36,0.0,8.74,0.01,-29.66,-20.9
76579.0,-0.3,-0.1,0.0,2.4,0.01,-0.17,2.25
76679.0,-0.18,0.31,0.0,-7.33,0.01,8.56,1.24
76779.0,-0.27,0.36,0.0,-8.64,0.01,21.53,12.9
76879.0,-0.23,0.26,0.0,-6.28,0.01,12.26,5.99
76979.0,-0.22,0.23,0.0,-5.4,0.01,18.16,12.77
77079.0,-0.27,-0.24,0.0,5.76,0.01,25.74,31.51
77179.0,-0.28,-0.41,0.0,9.8,0.01,39.57,49.39
77279.0,-0.16,-0.7,0.0,16.83,0.01,54.83,71.67
77379.0,-0.32,-1.06,0.0,25.35,0.01,37.3,62.67
77479.0,-0.34,-1.07,0.0,25.59,0.01,27.11,52.72
77579.0,-0.32,-1.04,0.0,24.93,0.01,18.25,43.2
77679.0,-0.13,-0.38,0.0,9.09,0.02,-13.5,-4.4
77779.0,-0.25,-0.57,0.0,13.79,0.02,3.96,17.76
77879.0,-0.07,-0.27,0.0,6.53,0.02,-16.49,-9.95
77979.0,-0.19,0.53,0.0,-12.62,0.02,-24.46,-37.07
78079.0,-0.22,0.69,0.0,-16.66,0.02,-32.34,-48.98
78179.0,-0.25,1.12,0.0,-26.84,0.02,-30.14,-56.96
78279.0,-0.16,1.27,0.0,-30.38,0.01,-17.26,-47.62
78379.0,-0.38,0.58,0.0,-13.95,0.01,-23.8,-37.74
78479.0,-0.41,0.71,0.0,-17.09,0.01,-1.67,-18.74
78579.0,-0.44,0.41,0.0,-9.82,0.01,9.6,-0.2
78679.0,-0.31,0.35,0.0,-8.34,0.01,29.73,21.4
78779.0,-0.24,0.05,0.0,-1.11,0.01,4.07,2.97
78879.0,-0.2,0.24,0.0,-5.68,0.01,-40.45,-46.12
78979.0,-0.23,-0.28,0.0,6.67,0.01,-30.56,-23.88
79079.0,-0.23,-0.44,0.0,10.44,0.01,-30.8,-20.34
79179.0,-0.36,-0.95,0.0,22.82,0.02,-30.56,-7.72
79279.0,-0.25,-0.69,0.0,16.59,0.02,-17.95,-1.35
79379.0,-0.22,-0.31,0.0,7.55,0.02,-9.49,-1.92
79479.0,-0.23,-0.26,0.0,6.35,0.02,8.59,14.96
79579.0,-0.24,0.01,0.0,-0.22,0.02,28.18,27.97
79679.0,-0.17,0.27,0.0,-6.45,0.02,21.84,15.4
79779.0,-0.23,0.18,0.0,-4.23,0.02,20.45,16.23
79879.0,-0.22,0.32,0.0,-7.65,0.02,24.88,17.25
79979.0,-0.24,0.2,0.0,-4.69,0.02,19.77,15.09
80079.0,-0.25,-0.06,0.0,1.32,0.01,18.12,19.46
80179.0,-0.34,-0.29,0.0,7.02,0.01,18.08,25.11
80279.0,-0.34,-0.46,0.0,11.11,0.01,9.62,20.74
80379.0,-0.17,-0.69,0.0,16.49,0.01,-1.54,14.97
80479.0,-0.12,-0.91,0.0,21.85,0.01,-2.99,18.88
80579.0,-0.15,-0.96,0.0,22.97,0.02,-1.85,21.13
80679.0,-0.03,-0.68,0.0,16.34,0.02,5.57,21.93
80779.0,-0.04,-0.29,0.0,6.96,0.02,-17.46,-10.49
80879.0,-0.05,-0.05,0.0,1.28,0.02,-27.61,-26.31
80979.0,-0.15,0.28,0.0,-6.64,0.02,-42.27,-48.89
81079.0,-0.14,0.44,0.0,-10.66,0.02,-19.49,-30.14
81179.0,-0.08,0.38,0.0,-9.16,0.02,-20.35,-29.49
81279.0,-0.08,0.5,0.0,-12.07,0.02,-20.01,-32.07
81379.0,-0.09,0.16,0.0,-3.73,0.02,-29.94,-33.65
81479.0,-0.13,-0.07,0.0,1.62,0.02,-28.75,-27.11
81579.0,-0.11,-0.47,0.0,11.36,0.02,-30.45,-19.08
81679.0,-0.15,-0.32,0.0,7.64,0.02,-26.91,-19.26
81779.0,-0.13,-0.1,0.0,2.32,0.02,-14.6,-12.27
81879.0,-0.21,-0.15,0.0,3.5,0.02,-5.92,-2.4
81979.0,-0.17,0.19,0.0,-4.64,0.02,-9.14,-13.76
82079.0,-0.11,0.54,0.0,-12.97,0.02,-31.26,-44.21
82179.0,-0.23,0.62,0.0,-14.91,0.02,-18.1,-33.0
82279.0,-0.32,0.48,0.0,-11.57,0.02,3.35,-8.2
82379.0,-0.26,0.58,0.0,-13.83,0.02,18.45,4.63
82479.0,-0.24,0.63,0.0,-15.21,0.02,16.38,1.18
82579.0,-0.17,0.47,0.0,-11.32,0.02,15.17,3.86
82679.0,-0.22,0.62,0.0,-14.89,0.02,0.59,-14.29
82779.0,-0.34,0.32,0.0,-7.56,0.02,-6.89,-14.43
82879.0,-0.45,0.17,0.0,-3.99,0.02,-1.23,-5.21
82979.0,-0.35,0.21,0.0,-5.03,0.02,3.17,-1.84
83079.0,-0.37,-0.13,0.0,3.22,0.02,-0.77,2.47
83179.0,-0.36,-0.23,0.0,5.59,0.02,26.75,32.35
83279.0,-0.45,-0.21,0.0,5.05,0.02,29.48,34.54
83379.0,-0.3,0.18,0.0,-4.42,0.02,24.81,20.4
83479.0,-0.26,0.21,0.0,-5.1,0.02,26.45,21.37
83579.0,-0.36,0.15,0.0,-3.7,0.02,12.55,8.86
83679.0,-0.19,0.26,0.0,-6.35,0.02,33.34,27.01
83779.0,-0.14,0.19,0.0,-4.45,0.02,26.05,21.61
83879.0,-0.19,0.14,0.0,-3.47,0.02,30.94,27.49
83979.0,-0.2,0.08,0.0,-1.85,0.02,36.73,34.89
84079.0,-0.35,-0.02,0.0,0.39,0.02,21.89,22.3
84179.0,-0.17,0.07,0.0,-1.68,0.02,23.6,21.94
84279.0,-0.12,0.41,0.0,-9.83,0.02,9.73,-0.09
84379.0,-0.23,0.29,0.0,-6.96,0.02,-0.92,-7.86
84479.0,-0.21,0.27,0.0,-6.42,0.02,-8.12,-14.52
84579.0,-0.23,0.27,0.0,-6.53,0.02,-4.84,-11.36
84679.0,-0.23,0.43,0.0,-10.35,0.02,-11.87,-22.21
84779.0,-0.21,0.4,0.0,-9.54,0.02,-8.65,-18.18
84879.0,-0.16,0.25,0.0,-6.04,0.02,-8.06,-14.09
84979.0,-0.2,0.29,0.0,-7.0,0.02,-13.1,-20.09
85079.0,-0.3,0.25,0.0,-5.9,0.02,-10.11,-16.0
85179.0,-0.35,0.12,0.0,-2.97,0.02,4.18,1.22
85279.0,-0.21,-0.0,0.0,0.04,0.02,23.74,23.8
85379.0,-0.15,0.0,0.0,-0.12,0.02,33.49,33.39
85479.0,-0.08,0.13,0.0,-3.22,0.02,30.23,27.03
85579.0,0.04,0.43,0.0,-10.25,0.02,9.31,-0.93
85679.0,-0.09,0.51,0.0,-12.33,0.02,9.89,-2.42
85779.0,-0.23,0.42,0.0,-10.02,0.02,-2.33,-12.33
85879.0,-0.35,0.18,0.0,-4.33,0.02,10.42,6.11
85979.0,-0.3,0.05,0.0,-1.27,0.02,10.97,9.71
86079.0,-0.19,-0.09,0.0,2.27,0.02,25.32,27.6
86179.0,-0.23,-0.1,0.0,2.48,0.02,25.67,28.17
86279.0,-0.2,-0.04,0.0,0.89,0.02,18.34,19.24
86379.0,-0.1,-0.03,0.0,0.61,0.02,35.14,35.76
86479.0,-0.2,-0.21,0.0,5.08,0.02,37.06,42.15
86579.0,-0.21,-0.02,0.0,0.48,0.02,19.55,20.04
86679.0,-0.26,-0.06,0.0,1.38,0.02,21.76,23.16
86779.0,-0.35,-0.22,0.0,5.22,0.02,11.87,17.1
86879.0,-0.38,-0.15,0.0,3.62,0.02,15.26,18.9
86979.0,-0.34,0.01,0.0,-0.17,0.02,20.17,20.02
87079.0,-0.22,0.29,0.0,-6.88,0.02,26.58,19.72
87179.0,0.01,0.33,0.0,-7.84,0.02,13.5,5.68
87279.0,-0.04,0.28,0.0,-6.73,0.02,11.74,5.03
87379.0,-0.04,0.17,0.0,-4.15,0.02,17.84,13.71
87479.0,-0.12,0.25,0.0,-5.92,0.02,12.4,6.5
87579.0,-0.14,0.43,0.0,-10.24,0.02,7.35,-2.88
87679.0,-0.3,0.04,0.0,-0.96,0.02,10.96,10.01
87779.0,-0.37,-0.52,0.0,12.47,0.02,25.98,38.46
87879.0,-0.38,-0.51,0.0,12.13,0.02,30.83,42.97
87979.0,-0.35,-0.32,0.0,7.62,0.02,23.69,31.33
88079.0,-0.38,-0.28,0.0,6.69,0.02,6.05,12.75
88179.0,-0.3,-0.4,0.0,9.7,0.02,26.75,36.46
88279.0,-0.32,0.01,0.0,-0.27,0.02,8.83,8.57
88379.0,-0.38,-0.13,0.0,3.13,0.02,7.57,10.71
88479.0,-0.4,-0.24,0.0,5.72,0.02,4.18,9.91
88579.0,-0.37,-0.41,0.0,9.91,0.02,-7.57,2.36
88679.0,-0.35,-0.68,0.0,16.34,0.02,10.9,27.26
88779.0,-0.18,-0.72,0.0,17.17,0.02,7.73,24.92
88879.0,-0.21,-0.25,0.0,6.12,0.02,-20.9,-14.77
88979.0,-0.27,0.3,0.0,-7.09,0.02,-13.83,-20.91
89079.0,-0.23,0.29,0.0,-6.92,0.02,-47.43,-54.33
89179.0,-0.3,0.69,0.0,-16.57,0.02,-5.52,-22.07
89279.0,-0.16,0.41,0.0,-9.85,0.02,6.05,-3.79
89379.0,-0.33,-0.18,0.0,4.34,0.02,21.42,25.77
89479.0,-0.26,-0.18,0.0,4.42,0.02,28.76,33.2
89579.0,-0.36,-0.59,0.0,14.18,0.02,13.52,27.72
89679.0,-0.37,-0.72,0.0,17.33,0.02,5.77,23.12
89779.0,-0.15,-0.04,0.0,1.01,0.02,-15.17,-14.14
89879.0,-0.41,-0.19,0.0,4.59,0.02,-20.32,-15.71
89979.0,-0.14,0.64,0.0,-15.32,0.02,-13.7,-29.01
90079.0,-0.31,0.51,0.0,-12.17,0.02,-14.0,-26.16
90179.0,-0.18,0.31,0.0,-7.35,0.02,14.45,7.12
90279.0,-0.26,0.27,0.0,-6.58,0.02,0.57,-6.0
90379.0,-0.15,-0.43,0.0,10.31,0.02,18.91,29.23
90479.0,-0.19,-0.64,0.0,15.27,0.02,19.31,34.59
90579.0,-0.28,-0.74,0.0,17.69,0.02,7.64,25.34
90679.0,-0.29,-0.22,0.0,5.28,0.02,-22.15,-16.85
90779.0,-0.21,-0.11,0.0,2.6,0.02,-32.21,-29.59
90879.0,-0.15,0.69,0.0,-16.66,0.02,-20.24,-36.88
90979.0,-0.17,0.46,0.0,-10.99,0.02,12.86,1.88
91079.0,-0.01,0.59,0.0,-14.23,0.02,-3.77,-17.99
91179.0,-0.1,0.32,0.0,-7.7,0.02,-18.91,-26.59
91279.0,-0.22,-0.41,0.0,9.93,0.02,9.42,19.36
91379.0,-0.38,-0.98,0.0,23.42,0.02,10.97,34.41
91479.0,-0.26,-0.99,0.0,23.73,0.02,13.67,37.41
91579.0,-0.12,-0.82,0.0,19.58,0.02,-17.83,1.77
91679.0,-0.32,-0.43,0.0,10.25,0.02,-24.48,-14.21
91779.0,-0.36,0.16,0.0,-3.85,0.02,-12.55,-16.38
91879.0,-0.27,0.7,0.0,-16.8,0.02,-32.52,-49.3
91979.0,-0.41,0.78,0.0,-18.64,0.02,4.56,-14.07
92079.0,-0.37,0.62,0.0,-14.97,0.02,14.86,-0.09
92179.0,-0.33,0.34,0.0,-8.11,0.02,8.65,0.55
92279.0,-0.35,0.2,0.0,-4.9,0.02,-17.19,-22.07
92379.0,-0.35,-0.21,0.0,5.09,0.02,-16.42,-11.31
92479.0,-0.27,-0.96,0.0,23.06,0.02,-19.0,4.08
92579.0,-0.16,-0.85,0.0,20.4,0.02,-16.1,4.31
92679.0,-0.33,-0.63,0.0,15.07,0.02,-21.99,-6.9
92779.0,-0.4,-0.38,0.0,9.24,0.02,-1.32,7.93
92879.0,-0.35,-0.35,0.0,8.31,0.02,26.69,35.02
92979.0,-0.41,0.29,0.0,-6.98,0.02,15.85,8.88
93079.0,-0.38,0.72,0.0,-17.33,0.02,16.58,-0.73
93179.0,-0.31,0.62,0.0,-14.93,0.02,18.12,3.21
93279.0,-0.31,0.37,0.0,-8.79,0.02,9.27,0.5
93379.0,-0.35,0.27,0.0,-6.43,0.02,12.44,6.02
93479.0,-0.37,0.55,0.0,-13.12,0.02,5.66,-7.44
93579.0,-0.27,0.18,0.0,-4.29,0.02,2.16,-2.11
93679.0,-0.28,-0.58,0.0,14.03,0.02,-8.08,5.96
93779.0,-0.17,-0.73,0.0,17.5,0.02,-17.57,-0.05
93879.0,-0.1,-0.44,0.0,10.59,0.02,-10.41,0.2
93979.0,-0.16,-0.26,0.0,6.32,0.02,-3.66,2.68
94079.0,-0.21,-0.27,0.0,6.49,0.02,26.99,33.49
94179.0,-0.18,0.31,0.0,-7.33,0.02,23.01,15.7
94279.0,-0.19,0.37,0.0,-8.76,0.02,16.49,7.75
94379.0,-0.24,0.21,0.0,-5.11,0.02,19.13,14.03
94479.0,-0.17,0.27,0.0,-6.38,0.02,-7.18,-13.55
94579.0,-0.33,0.19,0.0,-4.64,0.02,-3.52,-8.14
94679.0,-0.34,0.3,0.0,-7.16,0.02,-30.72,-37.86
94779.0,-0.27,-0.19,0.0,4.51,0.02,-20.39,-15.87
94879.0,-0.24,-0.25,0.0,6.09,0.02,-19.51,-13.4
94979.0,-0.25,-0.54,0.0,12.89,0.02,4.69,17.6
95079.0,-0.03,-0.45,0.0,10.79,0.02,-13.91,-3.1
95179.0,-0.12,-0.17,0.0,4.08,0.02,2.8,6.9
95279.0,-0.17,-0.22,0.0,5.34,0.02,30.14,35.5
95379.0,-0.29,0.14,0.0,-3.37,0.02,11.12,7.77
95479.0,-0.26,0.41,0.0,-9.87,0.02,0.7,-9.16
95579.0,-0.24,0.26,0.0,-6.28,0.02,-9.2,-15.46
95679.0,-0.28,0.24,0.0,-5.86,0.02,-3.59,-9.43
95779.0,-0.13,0.11,0.0,-2.65,0.02,-22.85,-25.48
95879.0,-0.31,-0.08,0.0,1.84,0.02,-26.29,-24.43
95979.0,-0.27,-0.42,0.0,10.05,0.02,-15.76,-5.69
96079.0,-0.13,-0.47,0.0,11.39,0.02,7.53,18.94
96179.0,-0.19,-0.26,0.0,6.21,0.02,-4.93,1.3
96279.0,-0.2,-0.12,0.0,2.96,0.02,17.64,20.62
96379.0,-0.34,0.18,0.0,-4.22,0.02,25.47,21.27
96479.0,-0.27,0.45,0.0,-10.78,0.02,18.89,8.12
96579.0,-0.28,0.31,0.0,-7.41,0.02,20.57,13.18
96679.0,-0.22,0.36,0.0,-8.67,0.02,-10.08,-18.73
96779.0,-0.23,0.31,0.0,-7.56,0.02,-2.53,-10.07
96879.0,-0.13,0.6,0.0,-14.36,0.02,-20.56,-34.9
96979.0,-0.22,-0.03,0.0,0.77,0.02,-14.88,-14.09
97079.0,-0.31,-0.36,0.0,8.59,0.02,-17.37,-8.76
97179.0,-0.35,-0.14,0.0,3.38,0.02,-7.2,-3.81
97279.0,-0.32,-0.17,0.0,4.16,0.02,0.86,5.04
97379.0,-0.17,0.1,0.0,-2.41,0.02,25.41,23.01
97479.0,-0.31,0.32,0.0,-7.73,0.02,23.32,15.61
97579.0,-0.33,0.29,0.0,-6.93,0.02,23.32,16.41
97679.0,-0.29,0.29,0.0,-7.07,0.02,19.55,12.49
97779.0,-0.18,0.05,0.0,-1.23,0.02,8.61,7.39
97879.0,-0.37,-0.41,0.0,9.96,0.02,11.07,21.04
97979.0,-0.39,-0.76,0.0,18.26,0.02,37.04,55.32
98079.0,-0.43,-1.13,0.0,27.03,0.02,18.45,45.49
98179.0,-0.14,-1.05,0.0,25.11,0.02,4.08,29.21
98279.0,-0.19,-0.52,0.0,12.54,0.02,-18.58,-6.02
98379.0,-0.18,-0.07,0.0,1.68,0.02,6.32,8.01
98479.0,-0.32,0.73,0.0,-17.58,0.02,13.54,-4.02
98579.0,-0.35,0.68,0.0,-16.26,0.02,17.42,1.18
98679.0,-0.22,0.97,0.0,-23.35,0.02,17.35,-5.98
98779.0,-0.3,0.4,0.0,-9.56,0.02,15.5,5.96
98879.0,-0.25,0.3,0.0,-7.2,0.02,-9.4,-16.58
98979.0,-0.24,-0.24,0.0,5.77,0.02,-25.63,-19.84
99079.0,-0.16,-0.26,0.0,6.35,0.02,-26.82,-20.45
99179.0,-0.12,-0.74,0.0,17.77,0.02,-26.4,-8.62
99279.0,-0.2,-1.01,0.0,24.15,0.02,-22.64,1.52
99379.0,-0.11,-0.77,0.0,18.44,0.02,-7.05,11.4
99479.0,-0.09,-0.28,0.0,6.75,0.02,-3.26,3.5
99579.0,-0.07,-0.1,0.0,2.48,0.02,23.54,26.04
99679.0,-0.17,0.46,0.0,-11.06,0.02,16.74,5.7
99779.0,-0.16,0.79,0.0,-19.03,0.02,14.18,-4.83
99879.0,-0.14,0.74,0.0,-17.81,0.02,17.57,-0.22
99979.0,-0.21,0.36,0.0,-8.75,0.02,21.01,12.28
100079.0,-0.14,0.07,0.0,-1.71,0.02,3.46,1.77
100179.0,-0.12,-0.31,0.0,7.34,0.02,5.02,12.38
100279.0,-0.12,-0.64,0.0,15.4,0.02,-5.94,9.48
100379.0,-0.07,-1.13,0.0,27.01,0.02,-16.16,10.87
100479.0,-0.01,-1.33,0.0,31.99,0.02,-9.25,22.75
100579.0,-0.18,-0.99,0.0,23.85,0.02,-3.61,20.26
100679.0,-0.37,-0.88,0.0,21.19,0.02,-2.27,18.94
100779.0,-0.28,-0.24,0.0,5.73,0.02,-12.68,-6.93
100879.0,-0.23,0.11,0.0,-2.54,0.02,9.62,7.1
100979.0,-0.35,0.51,0.0,-12.21,0.02,21.76,9.57
101079.0,-0.34,1.03,0.0,-24.74,0.02,21.1,-3.62
101179.0,-0.48,1.19,0.0,-28.53,0.02,5.75,-22.76
101279.0,-0.41,1.05,0.0,-25.15,0.02,-4.65,-29.79
101379.0,-0.35,0.79,0.0,-19.07,0.02,-25.3,-44.35
101479.0,-0.16,0.8,0.0,-19.24,0.02,-9.42,-28.64
101579.0,-0.27,0.92,0.0,-22.14,0.02,-42.94,-65.07
101679.0,-0.29,0.56,0.0,-13.32,0.02,-33.53,-46.83
101779.0,-0.2,0.22,0.0,-5.23,0.02,-34.94,-40.15
101879.0,-0.09,-0.16,0.0,3.74,0.02,-31.49,-27.74
101979.0,-0.16,-0.59,0.0,14.1,0.02,-23.95,-9.83
102079.0,-0.01,-1.01,0.0,24.25,0.02,-26.86,-2.59
102179.0,-0.05,-0.82,0.0,19.72,0.02,-25.87,-6.13
102279.0,-0.16,-0.97,0.0,23.33,0.02,-17.81,5.54
102379.0,-0.12,-1.44,0.0,34.47,0.02,6.74,41.23
102479.0,-0.19,-0.87,0.0,20.91,0.02,13.9,34.83
102579.0,-0.06,-0.51,0.0,12.21,0.02,-7.38,4.84
102679.0,-0.1,-0.18,0.0,4.3,0.02,-2.25,2.06
102779.0,-0.04,0.06,0.0,-1.35,0.02,26.73,25.4
102879.0,-0.03,0.47,0.0,-11.35,0.02,22.94,11.61
102979.0,-0.18,0.93,0.0,-22.25,0.02,19.16,-3.06
103079.0,-0.22,1.14,0.0,-27.38,0.02,-4.89,-32.25
103179.0,-0.32,0.9,0.0,-21.66,0.02,10.26,-11.39
103279.0,-0.21,0.82,0.0,-19.71,0.02,1.15,-18.54
103379.0,-0.05,0.82,0.0,-19.7,0.02,0.05,-19.62
103479.0,-0.13,0.77,0.0,-18.36,0.02,-24.44,-42.78
103579.0,-0.12,0.58,0.0,-13.98,0.02,-35.65,-49.61
103679.0,-0.19,0.08,0.0,-1.96,0.02,-28.12,-30.07
103779.0,-0.22,-0.33,0.0,7.81,0.02,-35.63,-27.81
103879.0,-0.2,-0.56,0.0,13.36,0.02,-28.82,-15.44
103979.0,-0.2,-0.82,0.0,19.65,0.02,-21.45,-1.79
104079.0,-0.11,-0.43,0.0,10.22,0.02,-19.27,-9.03
104179.0,-0.1,-0.34,0.0,8.15,0.02,-18.58,-10.41
104279.0,-0.18,-0.29,0.0,7.04,0.02,11.89,18.95
104379.0,0.0,0.17,0.0,-4.0,0.02,8.13,4.15
104479.0,-0.11,0.32,0.0,-7.6,0.02,7.91,0.34
104579.0,-0.12,0.72,0.0,-17.37,0.02,14.14,-3.21
104679.0,-0.2,0.78,0.0,-18.61,0.02,11.36,-7.24
104779.0,-0.17,0.77,0.0,-18.42,0.02,16.82,-1.59
104879.0,-0.31,0.71,0.0,-16.94,0.02,21.4,4.47
104979.0,-0.33,0.32,0.0,-7.58,0.02,31.03,23.48
105079.0,-0.22,-0.18,0.0,4.32,0.02,34.83,39.16
105179.0,-0.3,-0.37,0.0,8.96,0.02,32.3,41.28
105279.0,-0.28,-0.59,0.0,14.16,0.02,40.63,54.82
105379.0,-0.29,-0.36,0.0,8.75,0.02,15.43,24.19
105479.0,-0.35,-0.83,0.0,19.88,0.02,12.09,31.99
105579.0,-0.27,-0.49,0.0,11.67,0.02,-5.2,6.49
105679.0,-0.27,-0.3,0.0,7.31,0.02,-8.26,-0.93
105779.0,-0.42,-0.76,0.0,18.18,0.02,10.24,28.44
105879.0,-0.31,-0.38,0.0,9.21,0.02,13.96,23.19
105979.0,-0.3,0.38,0.0,-9.07,0.02,11.36,2.3
106079.0,-0.33,0.17,0.0,-3.97,0.02,9.38,5.43
106179.0,-0.22,0.31,0.0,-7.51,0.02,-11.27,-18.76
106279.0,-0.17,0.13,0.0,-3.0,0.02,-25.58,-28.56
106379.0,-0.12,-0.25,0.0,6.12,0.02,-23.56,-17.42
106479.0,-0.12,-0.35,0.0,8.31,0.02,-33.53,-25.2
106579.0,-0.09,-0.47,0.0,11.3,0.02,-24.81,-13.49
106679.0,-0.14,-0.39,0.0,9.3,0.02,-21.01,-11.7
106779.0,-0.06,-0.46,0.0,10.94,0.02,5.06,16.01
106879.0,-0.11,0.08,0.0,-1.86,0.02,-8.32,-10.16
106979.0,-0.11,0.61,0.0,-14.75,0.02,-21.86,-36.59
107079.0,-0.15,0.94,0.0,-22.57,0.02,-19.95,-42.5
107179.0,-0.17,1.0,0.0,-23.93,0.02,-3.3,-27.21
107279.0,-0.23,0.96,0.0,-23.06,0.02,-11.34,-34.38
107379.0,-0.21,0.76,0.0,-18.21,0.02,12.73,-5.45
107479.0,-0.44,-0.11,0.0,2.73,0.02,6.43,9.18
107579.0,-0.41,-0.3,0.0,7.28,0.02,27.28,34.58
107679.0,-0.34,-0.5,0.0,12.02,0.02,18.76,30.8
107779.0,-0.35,-0.31,0.0,7.39,0.02,33.69,41.1
107879.0,-0.28,-0.55,0.0,13.28,0.02,10.99,24.29
107979.0,-0.32,-0.54,0.0,12.92,0.02,-7.31,5.62
108079.0,-0.26,0.04,0.0,-0.96,0.02,-8.76,-9.7
108179.0,-0.3,0.18,0.0,-4.23,0.02,-27.5,-31.71
108279.0,-0.28,0.89,0.0,-21.42,0.02,-37.21,-58.61
108379.0,-0.37,0.62,0.0,-14.99,0.02,13.47,-1.5
108479.0,-0.31,0.45,0.0,-10.68,0.02,20.88,10.22
108579.0,-0.22,-0.04,0.0,0.92,0.02,2.82,3.76
108679.0,-0.43,-0.78,0.0,18.77,0.02,16.08,34.87
108779.0,-0.35,-0.92,0.0,22.2,0.02,6.41,28.63
108879.0,-0.22,-1.08,0.0,25.8,0.02,-7.55,18.27
108979.0,-0.11,-0.71,0.0,17.05,0.02,-6.32,10.75
109079.0,-0.27,-0.31,0.0,7.45,0.02,-19.27,-11.8
109179.0,-0.24,0.44,0.0,-10.48,0.02,-3.63,-14.09
109279.0,-0.23,0.7,0.0,-16.73,0.02,14.2,-2.51
109379.0,-0.26,0.49,0.0,-11.72,0.02,17.09,5.39
109479.0,-0.16,0.44,0.0,-10.64,0.02,13.14,2.51
109579.0,-0.35,-0.27,0.0,6.54,0.02,10.06,16.62
109679.0,-0.35,-0.6,0.0,14.34,0.02,21.42,35.78
109779.0,-0.33,-0.35,0.0,8.29,0.02,31.68,39.99
109879.0,-0.3,-0.58,0.0,13.81,0.02,13.25,27.07
109979.0,-0.33,-0.59,0.0,14.12,0.02,1.5,15.65
110079.0,-0.3,-0.54,0.0,13.07,0.02,-7.64,5.45
110179.0,-0.21,0.04,0.0,-1.01,0.02,-16.95,-17.94
110279.0,-0.29,-0.0,0.0,0.07,0.02,-22.85,-22.76
110379.0,-0.3,0.55,0.0,-13.23,0.02,-6.63,-19.84
110479.0,-0.3,0.43,0.0,-10.24,0.02,18.81,8.59
110579.0,-0.2,0.38,0.0,-9.03,0.02,-15.06,-24.07
110679.0,-0.24,0.46,0.0,-11.15,0.02,-14.64,-25.77
110779.0,-0.12,0.7,0.0,-16.76,0.02,-12.06,-28.8
110879.0,-0.24,0.5,0.0,-12.02,0.02,-35.74,-47.74
110979.0,-0.23,0.13,0.0,-3.1,0.02,-19.97,-23.05
111079.0,-0.1,0.81,0.0,-19.34,0.02,-20.43,-39.75
111179.0,-0.13,2.07,0.0,-49.78,0.02,-16.38,-66.15
111279.0,-0.16,3.54,0.0,-85.08,0.02,-32.74,-117.8
111379.0,-0.21,6.13,0.0,-147.09,0.02,-28.03,-175.11
111479.0,-0.26,8.16,0.0,-195.87,0.01,-11.78,-207.64
111579.0,-0.43,8.01,0.0,-192.35,0.01,42.12,-150.22
111679.0,-0.84,3.78,0.0,-90.73,0.01,81.29,-9.43
111779.0,-0.84,-0.12,0.0,2.87,0.01,55.6,58.49
111879.0,-0.91,-1.5,0.0,35.93,0.01,-5.42,30.52
111979.0,-0.76,-0.74,0.0,17.82,0.01,-10.99,6.83
112079.0,-0.94,-0.29,0.0,6.9,0.01,-8.06,-1.15
112179.0,-0.7,-1.12,0.0,26.9,0.01,-10.92,15.99
112279.0,-0.55,-1.32,0.0,31.56,0.01,44.43,76.0
112379.0,-0.42,-0.63,0.0,15.02,0.01,-4.95,10.09
112479.0,-0.31,-1.05,0.0,25.29,0.01,-19.4,5.89
112579.0,-0.33,-0.59,0.0,14.11,0.01,-5.62,8.5
112679.0,-0.42,-1.12,0.0,26.87,0.01,23.16,50.04
112779.0,-0.46,0.02,0.0,-0.39,0.01,-9.42,-9.8
112879.0,0.25,2.84,0.0,-68.05,0.01,-96.81,-164.85
112979.0,0.38,9.34,0.0,-224.18,0.01,-97.28,-321.46
113079.0,-0.52,14.02,0.0,-255.0,0.01,-30.14,-285.13
113179.0,-0.6,17.43,0.0,-255.0,0.0,-9.75,-264.75
113279.0,-1.44,15.59,0.0,-255.0,-0.0,69.49,-185.51
113379.0,-1.15,7.53,0.0,-180.66,-0.01,127.66,-53.01
113479.0,-1.14,0.32,0.0,-7.71,-0.01,46.15,38.43
113579.0,-1.22,-1.14,0.0,27.31,-0.01,11.91,39.21
113679.0,-1.06,-1.94,0.0,46.47,-0.01,15.0,61.46
113779.0,-0.93,-2.01,0.0,48.35,-0.01,-18.03,30.32
113879.0,-0.94,-0.85,0.0,20.41,-0.01,-17.06,3.35
113979.0,-0.71,-0.25,0.0,5.91,-0.01,3.87,9.77
114079.0,-0.13,-0.91,0.0,21.78,-0.01,-19.93,1.84
114179.0,-0.28,-1.22,0.0,29.19,-0.01,-19.86,9.32
114279.0,-0.19,-0.49,0.0,11.86,-0.01,-14.38,-2.53
114379.0,0.47,2.85,0.0,-68.51,-0.01,-61.94,-130.46
114479.0,0.19,6.74,0.0,-161.65,-0.01,-63.99,-225.65
114579.0,-0.64,10.14,0.0,-243.32,-0.01,-30.47,-273.8
114679.0,-1.53,12.71,0.0,-255.0,-0.01,-27.33,-282.35
114779.0,-1.39,14.39,0.0,-255.0,-0.02,22.11,-232.9
114879.0,-1.27,10.88,0.0,-255.0,-0.02,88.69,-166.33
114979.0,-1.01,2.69,0.0,-64.61,-0.02,121.04,56.41
115079.0,-1.11,-1.28,0.0,30.64,-0.02,17.61,48.22
115179.0,-1.3,-2.17,0.0,52.1,-0.02,6.8,58.87
115279.0,-1.29,-2.78,0.0,66.67,-0.02,-6.23,60.42
115379.0,-1.75,-1.3,0.0,31.22,-0.02,-25.92,5.28
115479.0,-1.51,-1.38,0.0,33.15,-0.02,1.15,34.28
115579.0,-1.15,-0.67,0.0,16.04,-0.02,23.14,39.15
115679.0,-0.93,-0.28,0.0,6.64,-0.02,-23.98,-17.36
115779.0,-0.81,-0.43,0.0,10.41,-0.02,-23.12,-12.73
115879.0,-0.69,0.5,0.0,-12.01,-0.02,-6.43,-18.46
115979.0,-0.79,0.89,0.0,-21.34,-0.02,-46.64,-68.0
116079.0,-0.72,4.95,0.0,-118.81,-0.02,-29.66,-148.5
116179.0,-0.77,3.66,0.0,-87.83,-0.02,72.82,-15.03
116279.0,-0.94,1.15,0.0,-27.66,-0.02,14.69,-13.0
116379.0,-1.03,0.28,0.0,-6.81,-0.02,-22.74,-29.57
116479.0,-1.02,-0.59,0.0,14.12,-0.02,-34.9,-20.81
116579.0,-1.08,-1.01,0.0,24.36,-0.02,-25.78,-1.44
116679.0,-1.02,-0.98,0.0,23.49,-0.02,-18.94,4.53
116779.0,-0.79,-0.89,0.0,21.46,-0.02,-17.64,3.79
116879.0,-0.63,-0.38,0.0,9.23,-0.02,-20.68,-11.48
116979.0,-0.65,-0.19,0.0,4.46,-0.02,-19.33,-14.89
117079.0,-0.59,-0.1,0.0,2.47,-0.02,-13.91,-11.46
117179.0,-0.56,0.27,0.0,-6.49,-0.02,-14.73,-21.24
117279.0,-0.62,0.62,0.0,-14.77,-0.02,-5.95,-20.75
117379.0,-0.73,0.66,0.0,-15.89,-0.02,-2.95,-18.86
117479.0,-0.59,0.76,0.0,-18.25,-0.02,5.79,-12.49
117580.0,-0.54,0.55,0.0,-13.16,-0.02,20.72,7.54
117680.0,-0.46,0.13,0.0,-3.16,-0.02,23.16,19.98
117780.0,-0.54,1.12,0.0,-26.77,-0.02,-5.22,-32.02
117880.0,-0.65,0.89,0.0,-21.35,-0.02,-30.63,-52.0
117980.0,-0.5,0.51,0.0,-12.12,-0.02,-11.3,-23.45
118080.0,-0.45,0.42,0.0,-9.98,-0.02,-3.88,-13.89
118180.0,-0.43,0.43,0.0,-10.22,-0.02,-13.89,-24.13
118280.0,-0.44,-0.07,0.0,1.64,-0.02,-5.72,-4.1
118380.0,-0.48,-0.39,0.0,9.43,-0.02,25.34,34.74
118480.0,-0.49,-0.11,0.0,2.73,-0.02,43.8,46.51
118580.0,-0.49,-0.39,0.0,9.26,-0.02,52.08,61.32
118680.0,-0.46,-0.68,0.0,16.42,-0.02,58.77,75.17
118780.0,-0.47,-0.61,0.0,14.57,-0.02,41.4,55.96
118880.0,-0.48,0.76,0.0,-18.32,-0.02,4.95,-13.4
118980.0,-0.62,1.24,0.0,-29.7,-0.02,-51.61,-81.34
119080.0,-0.63,0.41,0.0,-9.79,-0.02,-8.89,-18.7
119180.0,-0.59,0.67,0.0,-16.12,-0.02,19.68,3.53
119280.0,-0.56,0.57,0.0,-13.8,-0.02,15.11,1.29
119380.0,-0.56,0.62,0.0,-14.93,-0.02,23.67,8.72
119480.0,-0.55,0.17,0.0,-4.18,-0.02,28.74,24.54
119580.0,-0.54,0.38,0.0,-9.11,-0.03,46.48,37.35
119680.0,-0.49,0.8,0.0,-19.14,-0.03,38.18,19.01
119780.0,-0.45,0.52,0.0,-12.44,-0.03,33.23,20.77
119880.0,-0.39,0.52,0.0,-12.6,-0.03,30.45,17.83
119980.0,-0.36,0.17,0.0,-4.08,-0.03,35.39,31.28
120080.0,-0.31,-0.25,0.0,5.96,-0.03,40.85,46.79
120180.0,-0.26,-0.04,0.0,1.06,-0.03,30.34,31.37
120280.0,-0.26,-0.15,0.0,3.66,-0.03,45.34,48.98
120380.0,-0.31,-0.39,0.0,9.24,-0.03,32.61,41.83
120480.0,-0.29,-0.65,0.0,15.61,-0.03,49.04,64.63
120580.0,-0.31,-0.96,0.0,23.01,-0.03,32.26,55.25
120680.0,-0.28,-1.18,0.0,28.21,-0.03,-1.26,26.92
120780.0,-0.35,-0.85,0.0,20.42,-0.03,22.22,42.62
120880.0,-0.08,-0.77,0.0,18.49,-0.03,-10.92,7.55
120980.0,-0.16,-0.34,0.0,8.26,-0.02,-34.77,-26.53
121080.0,-0.11,-0.46,0.0,10.93,-0.02,-34.24,-23.33
121180.0,-0.05,-0.93,0.0,22.28,-0.02,-22.9,-0.65
121280.0,-0.1,0.6,0.0,-14.37,-0.02,4.1,-10.29
121380.0,-0.24,0.61,0.0,-14.54,-0.03,21.07,6.5
121480.0,-0.12,0.92,0.0,-22.03,-0.03,19.16,-2.89
121580.0,-0.12,0.3,0.0,-7.19,-0.03,17.79,10.57
121680.0,-0.19,0.73,0.0,-17.52,-0.03,28.49,10.94
121780.0,-0.26,0.85,0.0,-20.35,-0.03,29.72,9.34
121880.0,-0.33,0.42,0.0,-10.01,-0.03,28.82,18.78
121980.0,-0.19,0.43,0.0,-10.22,-0.03,35.98,25.73
122080.0,-0.13,0.37,0.0,-8.93,-0.03,30.61,21.65
122180.0,-0.12,-0.08,0.0,1.81,-0.03,36.05,37.84
122280.0,-0.15,-0.09,0.0,2.26,-0.03,27.37,29.6
122380.0,-0.22,-0.17,0.0,4.16,-0.03,28.95,33.08
122480.0,-0.26,-0.44,0.0,10.52,-0.03,30.39,40.89
122580.0,-0.26,-0.65,0.0,15.56,-0.03,39.85,55.38
122680.0,-0.14,-1.95,0.0,46.81,-0.03,52.69,99.47
122780.0,-0.27,-3.71,0.0,89.02,-0.03,-4.84,84.16
122880.0,-0.28,-2.77,0.0,66.49,-0.02,-14.8,51.67
122980.0,-0.38,-2.71,0.0,65.05,-0.02,-25.7,39.32
123080.0,-0.18,-1.08,0.0,25.98,-0.02,24.09,50.05
123180.0,-0.08,-1.9,0.0,45.71,-0.02,-10.35,35.33
123280.0,0.24,-1.05,0.0,25.11,-0.02,-11.51,13.58
123380.0,-0.09,-0.85,0.0,20.49,-0.02,20.46,40.93
123480.0,-0.33,-0.37,0.0,8.91,-0.02,-11.98,-3.09
123580.0,-0.34,-0.99,0.0,23.78,-0.02,-27.79,-4.03
123680.0,-0.15,-1.28,0.0,30.72,-0.02,-16.67,14.03
123780.0,-0.36,-1.24,0.0,29.78,-0.02,36.53,66.29
123880.0,-0.46,-0.83,0.0,20.04,-0.02,25.39,45.41
123980.0,-0.37,-0.2,0.0,4.92,-0.02,38.95,43.85
124080.0,-0.18,0.62,0.0,-14.93,-0.02,29.55,14.6
124180.0,-0.27,0.81,0.0,-19.41,-0.02,35.63,16.2
124280.0,-0.26,0.84,0.0,-20.28,-0.02,5.53,-14.77
124380.0,-0.21,1.78,0.0,-42.82,-0.02,-8.98,-51.82
124480.0,-0.09,1.08,0.0,-25.98,-0.02,12.46,-13.55
124580.0,0.03,0.63,0.0,-15.01,-0.02,3.35,-11.68
124680.0,-0.02,0.61,0.0,-14.65,-0.02,0.24,-14.43
124780.0,-0.03,0.96,0.0,-23.08,-0.02,-0.68,-23.78
124880.0,-0.21,0.78,0.0,-18.82,-0.02,1.37,-17.47
124980.0,-0.25,0.51,0.0,-12.32,-0.02,6.27,-6.07
125080.0,-0.36,0.33,0.0,-7.95,-0.02,4.8,-3.17
125180.0,-0.01,0.39,0.0,-9.4,-0.02,0.53,-8.9
125280.0,-0.22,0.21,0.0,-5.14,-0.02,7.79,2.62
125380.0,-0.23,1.45,0.0,-34.75,-0.02,4.71,-30.07
125480.0,-0.02,0.81,0.0,-19.55,-0.02,-25.03,-44.6
125580.0,0.12,1.13,0.0,-27.09,-0.02,29.11,2.0
125680.0,-0.37,1.45,0.0,-34.82,-0.02,17.46,-17.39
125780.0,-0.4,1.45,0.0,-34.8,-0.02,-25.7,-60.53
125880.0,-0.08,0.44,0.0,-10.62,-0.02,-12.66,-23.31
125980.0,-0.01,0.92,0.0,-21.96,-0.03,45.25,23.26
126080.0,0.01,1.23,0.0,-29.41,-0.03,31.73,2.3
126180.0,0.02,0.46,0.0,-10.97,-0.03,24.05,13.06
126280.0,-0.02,0.13,0.0,-3.08,-0.03,25.19,22.09
126380.0,0.05,-0.28,0.0,6.68,-0.03,13.21,19.86
126480.0,0.02,-0.95,0.0,22.71,-0.03,3.0,25.69
126580.0,0.06,-0.83,0.0,19.94,-0.03,-7.9,12.02
126680.0,0.06,-1.24,0.0,29.82,-0.03,3.52,33.31
126780.0,0.09,-0.89,0.0,21.42,-0.03,33.25,54.65
126880.0,0.13,-0.38,0.0,9.12,-0.03,-6.87,2.23
126980.0,0.02,-0.41,0.0,9.92,-0.02,-20.61,-10.72
127080.0,-0.23,-0.9,0.0,21.59,-0.02,-17.13,4.44
127180.0,-0.27,-1.43,0.0,34.42,-0.02,-9.0,25.4
127280.0,-0.13,-1.4,0.0,33.71,-0.02,53.73,87.42
127380.0,-0.12,-0.65,0.0,15.58,-0.02,-16.75,-1.19
127480.0,0.06,-1.19,0.0,28.54,-0.02,-11.32,17.2
127580.0,-0.01,-1.59,0.0,38.1,-0.02,7.36,45.44
127680.0,-0.19,-0.56,0.0,13.55,-0.02,9.56,23.09
127780.0,-0.16,-0.98,0.0,23.53,-0.02,-18.38,5.14
127880.0,-0.19,-1.41,0.0,33.91,-0.02,-7.49,26.39
127980.0,-0.23,-1.15,0.0,27.52,-0.02,39.55,67.05
128080.0,-0.1,-0.46,0.0,11.14,-0.02,-20.78,-9.66
128180.0,-0.08,-1.09,0.0,26.05,-0.02,-29.66,-3.63
128280.0,-0.26,-1.67,0.0,40.12,-0.02,-24.81,15.3
128380.0,-0.2,-1.41,0.0,33.91,-0.02,-7.99,25.9
128480.0,-0.27,-1.05,0.0,25.22,-0.02,12.04,37.24
128580.0,-0.25,-1.16,0.0,27.82,-0.02,48.02,75.82
128680.0,-0.31,-0.58,0.0,13.94,-0.02,-15.57,-1.66
128780.0,-0.3,-1.37,0.0,32.96,-0.02,-25.3,7.64
128880.0,-0.19,-1.63,0.0,39.24,-0.02,-7.33,31.89
128980.0,-0.04,-1.27,0.0,30.51,-0.02,41.46,71.95
129080.0,-0.11,-0.22,0.0,5.25,-0.02,4.07,9.3
129180.0,-0.13,-0.38,0.0,9.24,-0.02,-31.9,-22.68
129280.0,-0.16,-0.86,0.0,20.74,-0.02,-23.03,-2.31
129380.0,-0.16,-0.93,0.0,22.43,-0.02,-25.61,-3.2
129480.0,-0.08,-0.6,0.0,14.38,-0.02,-15.79,-1.43
129580.0,-0.2,0.01,0.0,-0.15,-0.02,-32.7,-32.87
129680.0,-0.01,1.3,0.0,-31.1,-0.02,-4.12,-35.24
129780.0,-0.06,1.19,0.0,-28.51,-0.02,-16.95,-45.48
129880.0,-0.12,0.6,0.0,-14.47,-0.02,-16.21,-30.7
129980.0,-0.08,0.61,0.0,-14.64,-0.02,28.47,13.81
130080.0,-0.08,1.23,0.0,-29.45,-0.02,17.28,-12.2
130180.0,-0.15,1.94,0.0,-46.56,-0.02,-18.61,-65.2
130280.0,-0.18,0.69,0.0,-16.52,-0.02,-36.11,-52.65
130380.0,-0.15,0.54,0.0,-12.96,-0.02,33.21,20.24
130480.0,-0.17,1.18,0.0,-28.22,-0.02,26.29,-1.95
130580.0,-0.33,1.36,0.0,-32.73,-0.02,-12.17,-44.92
130680.0,-0.36,1.06,0.0,-25.43,-0.02,-12.64,-38.09
130780.0,-0.48,0.73,0.0,-17.41,-0.02,-11.21,-28.64
130880.0,-0.47,0.57,0.0,-13.6,-0.02,-30.28,-43.9
130980.0,-0.42,0.31,0.0,-7.47,-0.02,-29.86,-37.36
131080.0,-0.39,-0.47,0.0,11.2,-0.02,-40.14,-28.96
131180.0,-0.48,-1.12,0.0,26.99,-0.02,9.29,36.26
131280.0,-0.45,-1.49,0.0,35.84,-0.02,-6.54,29.28
131380.0,-0.28,-1.04,0.0,24.97,-0.02,42.19,67.14
131480.0,-0.3,-0.45,0.0,10.79,-0.02,20.23,30.99
131580.0,-0.24,-0.49,0.0,11.79,-0.02,-12.53,-0.76
131680.0,-0.13,-0.67,0.0,16.07,-0.02,-25.78,-9.73
131780.0,-0.03,-1.85,0.0,44.32,-0.02,27.1,71.4
131880.0,-0.14,-2.04,0.0,48.99,-0.02,-16.97,32.0
131980.0,0.04,-1.08,0.0,25.83,-0.02,25.68,51.5
132080.0,-0.05,-0.58,0.0,13.84,-0.02,18.12,31.94
132180.0,-0.17,-0.29,0.0,6.91,-0.02,28.51,35.4
132280.0,-0.12,-0.33,0.0,7.86,-0.02,38.45,46.29
132380.0,-0.13,-0.05,0.0,1.18,-0.02,17.86,19.02
132480.0,-0.13,0.09,0.0,-2.14,-0.02,23.36,21.2
132580.0,-0.06,0.07,0.0,-1.68,-0.02,47.83,46.13
132680.0,0.07,-1.93,0.0,46.3,-0.02,35.65,81.94
132780.0,0.28,-0.9,0.0,21.56,-0.02,-12.35,9.19
132880.0,-0.01,-0.39,0.0,9.3,-0.02,-16.36,-7.08
132980.0,-0.04,-0.36,0.0,8.76,-0.02,-16.42,-7.67
133080.0,-0.05,-0.42,0.0,10.09,-0.02,3.85,13.92
133180.0,-0.08,-0.64,0.0,15.47,-0.02,20.67,36.12
133280.0,0.0,-0.48,0.0,11.59,-0.02,14.05,25.62
133380.0,-0.07,-0.61,0.0,14.68,-0.02,19.25,33.91
133480.0,-0.12,-1.41,0.0,33.9,-0.02,34.3,68.18
133580.0,0.0,-1.46,0.0,35.04,-0.02,-15.68,19.34
133680.0,-0.1,-1.24,0.0,29.69,-0.01,26.49,56.17
133780.0,-0.35,-0.81,0.0,19.34,-0.01,-33.49,-14.17
133880.0,-0.24,-1.51,0.0,36.31,-0.01,-26.24,10.06
133980.0,-0.62,-1.38,0.0,33.18,-0.01,39.94,73.11
134080.0,-0.5,-0.58,0.0,13.89,-0.01,17.57,31.44
134180.0,-0.43,-0.64,0.0,15.31,-0.01,-16.65,-1.36
134280.0,-0.45,-1.08,0.0,25.8,-0.01,-24.62,1.16
134380.0,-0.43,-0.79,0.0,18.87,-0.01,-18.41,0.44
134480.0,-0.64,-1.1,0.0,26.48,-0.01,-25.32,1.15
134580.0,-0.43,-0.55,0.0,13.22,-0.01,-17.26,-4.05
134680.0,-0.46,-0.31,0.0,7.51,-0.01,-29.5,-22.0
134780.0,-0.58,0.23,0.0,-5.46,-0.01,-36.9,-42.37
134880.0,-0.72,0.13,0.0,-3.19,-0.01,-39.9,-43.11
134980.0,-0.69,0.69,0.0,-16.57,-0.01,-42.96,-59.55
135080.0,-0.74,0.19,0.0,-4.66,-0.01,-10.21,-14.88
135180.0,-0.62,0.59,0.0,-14.09,-0.01,-25.28,-39.39
135280.0,-0.7,0.11,0.0,-2.75,-0.01,-31.64,-34.41
135380.0,-0.81,0.01,0.0,-0.29,-0.01,-40.16,-40.46
135480.0,-0.62,0.84,0.0,-20.15,-0.01,-13.34,-33.5
135580.0,-0.62,0.88,0.0,-21.12,-0.01,-5.7,-26.83
135680.0,-0.22,1.08,0.0,-25.87,-0.01,16.4,-9.49
135780.0,0.02,1.51,0.0,-36.32,-0.01,-55.04,-91.37
135880.0,0.14,1.28,0.0,-30.83,-0.01,-27.98,-58.82
135980.0,0.01,0.92,0.0,-22.02,-0.01,-35.14,-57.17
136080.0,-0.09,0.36,0.0,-8.66,-0.01,-18.39,-27.07
136180.0,-0.34,-0.23,0.0,5.46,-0.01,-10.5,-5.05
136280.0,-0.4,-0.59,0.0,14.17,-0.01,8.23,22.38
136380.0,-0.37,-1.0,0.0,23.99,-0.01,3.77,27.75
136480.0,-0.45,-1.08,0.0,26.03,-0.01,3.3,29.31
136580.0,-0.54,-0.8,0.0,19.14,-0.01,-41.97,-22.85
136680.0,-0.22,3.27,0.0,-78.52,-0.01,-4.65,-83.19
136780.0,-0.23,1.33,0.0,-32.03,-0.02,27.02,-5.02
136880.0,0.05,1.86,0.0,-44.62,-0.02,-5.55,-50.19
136980.0,-0.1,0.8,0.0,-19.3,-0.02,24.55,5.23
137080.0,-0.33,1.43,0.0,-34.4,-0.02,61.01,26.59
137180.0,-0.27,0.28,0.0,-6.81,-0.02,23.27,16.44
137280.0,-0.13,0.26,0.0,-6.31,-0.02,25.83,19.5
137380.0,-0.33,-0.42,0.0,10.04,-0.02,2.22,12.24
137480.0,-0.31,-0.67,0.0,15.98,-0.02,-17.84,-1.88
137580.0,-0.29,-0.6,0.0,14.44,-0.02,-18.85,-4.43
137680.0,-0.23,-0.22,0.0,5.31,-0.02,-20.74,-15.45
137780.0,-0.2,-0.53,0.0,12.83,-0.02,-14.91,-2.1
137880.0,-0.14,-0.65,0.0,15.56,-0.02,17.39,32.93
137980.0,-0.14,-0.71,0.0,17.09,-0.02,4.14,21.22
138080.0,-0.16,-0.25,0.0,5.96,-0.02,-26.62,-20.68
138180.0,-0.18,0.12,0.0,-2.77,-0.02,-29.15,-31.93
138280.0,-0.17,0.53,0.0,-12.64,-0.02,-14.93,-27.59
138380.0,-0.17,0.83,0.0,-20.03,-0.02,-16.93,-36.98
138480.0,-0.15,1.08,0.0,-25.94,-0.02,-25.58,-51.53
138580.0,-0.16,1.04,0.0,-24.96,-0.02,2.64,-22.34
138680.0,-0.24,0.28,0.0,-6.62,-0.02,21.51,14.87
138780.0,-0.12,-0.24,0.0,5.88,-0.02,2.51,8.37
138880.0,-0.19,-0.76,0.0,18.13,-0.02,-15.54,2.57
138980.0,-0.19,-0.75,0.0,17.96,-0.02,-11.41,6.53
139080.0,-0.06,-0.82,0.0,19.75,-0.02,-19.73,-0.0
139180.0,-0.13,-0.73,0.0,17.54,-0.02,-16.89,0.63
139280.0,-0.12,-0.89,0.0,21.27,-0.02,-23.18,-1.93
139380.0,-0.04,-0.41,0.0,9.87,-0.02,-34.02,-24.17
139480.0,-0.06,-0.06,0.0,1.36,-0.02,-42.14,-40.8
139580.0,-0.05,0.42,0.0,-10.09,-0.02,-43.35,-53.46
139680.0,-0.11,0.48,0.0,-11.43,-0.02,-34.24,-45.69
139780.0,-0.06,0.95,0.0,-22.72,-0.02,-37.04,-59.78
139880.0,-0.02,0.79,0.0,-18.96,-0.02,-20.72,-39.7
139980.0,-0.19,0.86,0.0,-20.61,-0.02,-34.59,-55.22
140080.0,-0.12,1.09,0.0,-26.14,-0.02,-29.09,-55.25
140180.0,-0.09,0.81,0.0,-19.36,-0.02,-10.15,-29.52
140280.0,-0.02,0.57,0.0,-13.75,-0.02,7.93,-5.83
140380.0,-0.2,0.84,0.0,-20.22,-0.02,22.59,2.35
140480.0,-0.14,0.75,0.0,-18.0,-0.02,20.63,2.61
140580.0,-0.17,0.52,0.0,-12.49,-0.02,0.71,-11.79
140680.0,-0.11,0.47,0.0,-11.38,-0.02,-10.88,-22.28
140780.0,-0.17,0.09,0.0,-2.16,-0.02,0.81,-1.37
140880.0,-0.27,-0.18,0.0,4.25,-0.02,5.18,9.42
140980.0,-0.13,-0.39,0.0,9.44,-0.02,-25.61,-16.19
141080.0,-0.16,-0.8,0.0,19.25,-0.02,-20.17,-0.94
141180.0,-0.21,-0.65,0.0,15.66,-0.02,-22.5,-6.86
141280.0,-0.13,-0.37,0.0,8.9,-0.02,-20.1,-11.21
141380.0,-0.06,0.04,0.0,-0.84,-0.02,-15.81,-16.67
141480.0,-0.11,-0.35,0.0,8.28,-0.02,-25.83,-17.57
141580.0,-0.02,-0.07,0.0,1.7,-0.02,-15.35,-13.67
141680.0,-0.06,0.31,0.0,-7.43,-0.02,-37.61,-45.06
141780.0,0.06,1.2,0.0,-28.8,-0.02,-19.13,-47.95
141880.0,-0.12,1.25,0.0,-29.89,-0.02,-40.53,-70.43
141980.0,-0.1,1.24,0.0,-29.8,-0.02,-27.46,-57.28
142080.0,-0.23,1.13,0.0,-27.06,-0.02,1.76,-25.31
142180.0,-0.32,0.86,0.0,-20.73,-0.02,8.41,-12.34
142280.0,-0.01,0.42,0.0,-10.05,-0.02,22.61,12.54
142380.0,-0.15,-0.25,0.0,5.93,-0.02,28.14,34.05
142480.0,-0.26,-0.7,0.0,16.7,-0.02,3.77,20.45
142580.0,-0.3,-0.89,0.0,21.39,-0.02,-16.03,5.35
142680.0,-0.21,-1.16,0.0,27.74,-0.02,-9.8,17.92
142780.0,-0.14,-0.94,0.0,22.62,-0.02,38.27,60.87
142880.0,-0.21,-1.35,0.0,32.41,-0.02,10.72,43.11
142980.0,-0.11,0.42,0.0,-10.19,-0.02,11.14,0.94
143080.0,-0.2,1.54,0.0,-37.04,-0.02,16.43,-20.62
143180.0,-0.45,1.23,0.0,-29.46,-0.02,-50.93,-80.41
143280.0,-0.31,0.52,0.0,-12.41,-0.02,4.69,-7.73
143380.0,-0.37,0.82,0.0,-19.66,-0.02,31.86,12.19
143480.0,-0.32,0.85,0.0,-20.49,-0.02,21.23,0.72
143580.0,-0.35,0.49,0.0,-11.72,-0.02,21.4,9.66
143680.0,-0.35,0.03,0.0,-0.64,-0.02,9.45,8.79
143780.0,-0.3,-0.23,0.0,5.62,-0.02,-9.67,-4.08
143880.0,-0.36,-0.12,0.0,2.96,-0.02,-28.47,-25.53
143980.0,-0.35,-0.07,0.0,1.71,-0.02,-19.37,-17.67
144080.0,-0.31,-0.13,0.0,3.01,-0.02,2.05,5.04
144180.0,-0.35,-0.44,0.0,10.65,-0.02,36.38,47.01
144280.0,-0.34,-0.15,0.0,3.6,-0.02,-6.56,-2.98
144380.0,-0.27,-0.46,0.0,10.97,-0.02,-30.8,-19.84
144480.0,-0.43,-0.6,0.0,14.36,-0.02,-62.14,-47.8
144580.0,-0.27,-0.43,0.0,10.44,-0.02,-15.77,-5.35
144680.0,-0.39,-0.79,0.0,19.0,-0.02,-28.4,-9.42
144780.0,-0.4,-0.43,0.0,10.35,-0.02,-38.95,-28.61
144880.0,-0.24,-0.4,0.0,9.61,-0.02,-32.9,-23.31
144980.0,-0.32,0.16,0.0,-3.73,-0.02,-34.28,-38.02
145080.0,-0.25,0.47,0.0,-11.17,-0.02,-10.41,-21.6
145180.0,-0.41,0.68,0.0,-16.29,-0.02,20.02,3.72
145280.0,-0.34,0.25,0.0,-5.96,-0.02,23.94,17.96
145380.0,-0.33,0.02,0.0,-0.38,-0.02,13.79,13.4
145480.0,-0.26,-0.03,0.0,0.72,-0.02,9.25,9.95
145580.0,-0.29,-0.17,0.0,3.99,-0.02,-20.57,-16.6
145680.0,-0.36,-0.14,0.0,3.43,-0.02,-34.3,-30.88
145780.0,-0.54,0.37,0.0,-8.88,-0.02,21.07,12.17
145880.0,-0.24,0.97,0.0,-23.23,-0.02,20.67,-2.59
145980.0,-0.28,0.52,0.0,-12.52,-0.02,31.79,19.25
146080.0,-0.08,0.25,0.0,-5.9,-0.02,0.6,-5.32
146180.0,-0.22,-0.24,0.0,5.88,-0.02,-5.11,0.75
146280.0,-0.3,0.42,0.0,-10.04,-0.02,-70.0,-80.06
146380.0,-0.07,1.49,0.0,-35.69,-0.02,22.99,-12.72
146480.0,-0.13,1.4,0.0,-33.55,-0.02,-3.04,-36.61
146580.0,0.01,0.79,0.0,-18.94,-0.02,-34.46,-53.42
146680.0,-0.05,0.84,0.0,-20.09,-0.02,-20.85,-40.96
146780.0,-0.08,0.83,0.0,-19.97,-0.02,-14.22,-34.21
146880.0,-0.13,0.87,0.0,-20.99,-0.02,2.0,-19.02
146980.0,-0.27,1.02,0.0,-24.36,-0.02,-82.22,-106.6
147080.0,-0.29,2.29,0.0,-55.03,-0.02,18.14,-36.91
147180.0,-0.22,0.82,0.0,-19.72,-0.02,20.48,0.75
147280.0,-0.17,0.4,0.0,-9.6,-0.02,7.73,-1.89
147380.0,-0.09,1.74,0.0,-41.88,-0.02,-22.97,-64.87
147480.0,-0.29,0.88,0.0,-21.05,-0.02,18.03,-3.05
147580.0,-0.25,1.71,0.0,-41.04,-0.02,-4.4,-45.46
147680.0,-0.03,0.87,0.0,-20.89,-0.02,21.51,0.6
147780.0,-0.14,1.7,0.0,-40.79,-0.02,1.98,-38.83
147880.0,-0.04,0.76,0.0,-18.17,-0.02,17.94,-0.25
147980.0,-0.06,1.47,0.0,-35.35,-0.02,5.18,-30.19
148080.0,-0.01,1.1,0.0,-26.29,-0.02,-46.11,-72.43
148180.0,-0.15,0.99,0.0,-23.65,-0.02,35.43,11.76
148280.0,-0.37,1.73,0.0,-41.59,-0.02,19.22,-22.4
148380.0,-0.41,1.59,0.0,-38.18,-0.02,-57.12,-95.33
148480.0,-0.33,0.43,0.0,-10.21,-0.02,21.49,11.26
148580.0,-0.33,0.85,0.0,-20.46,-0.03,28.12,7.63
148680.0,-0.36,0.26,0.0,-6.3,-0.03,10.39,4.07
148780.0,-0.36,-0.19,0.0,4.52,-0.03,54.52,59.02
148880.0,-0.25,-0.32,0.0,7.58,-0.03,56.74,64.29
148980.0,-0.31,-0.77,0.0,18.5,-0.03,57.89,76.37
149080.0,-0.33,-1.23,0.0,29.6,-0.03,44.45,74.02
149180.0,-0.35,-0.7,0.0,16.7,-0.02,-2.71,13.96
149280.0,-0.2,-1.29,0.0,30.99,-0.02,-17.48,13.49
149380.0,-0.32,-1.02,0.0,24.44,-0.02,-2.31,22.11
149480.0,-0.01,-0.42,0.0,10.18,-0.02,-1.94,8.22
149580.0,-0.07,-0.32,0.0,7.77,-0.02,-7.37,0.38
149680.0,0.02,-1.52,0.0,36.45,-0.02,-2.47,33.95
149780.0,-0.02,-0.34,0.0,8.19,-0.02,-6.89,1.28
149880.0,-0.24,-1.62,0.0,38.87,-0.02,-6.16,32.69
149980.0,-0.07,-0.45,0.0,10.71,-0.02,-13.5,-2.81
150080.0,-0.34,-1.81,0.0,43.43,-0.02,-3.01,40.4
150180.0,-0.31,-0.72,0.0,17.23,-0.02,-20.1,-2.89
150280.0,-0.46,-1.73,0.0,41.41,-0.02,-3.77,37.62
150380.0,-0.39,-0.6,0.0,14.37,-0.02,2.67,17.02
150480.0,-0.61,-0.39,0.0,9.27,-0.02,-11.62,-2.36
150580.0,-0.5,-1.03,0.0,24.74,-0.02,-10.3,14.42
150680.0,-0.63,-0.61,0.0,14.55,-0.02,2.64,17.16
150780.0,-0.42,-0.44,0.0,10.47,-0.02,26.03,36.48
150880.0,-0.29,-1.25,0.0,29.9,-0.02,-26.14,3.74
150980.0,-0.51,-2.11,0.0,50.63,-0.02,-0.37,50.24
151080.0,-0.19,-0.6,0.0,14.42,-0.02,-16.91,-2.51
151180.0,-0.1,-1.54,0.0,37.05,-0.02,-10.55,26.48
151280.0,-0.11,-1.24,0.0,29.69,-0.02,8.24,37.92
151380.0,-0.04,-0.41,0.0,9.86,-0.02,-6.98,2.86
151480.0,-0.16,-1.18,0.0,28.41,-0.02,-20.48,7.91
151580.0,-0.36,-1.7,0.0,40.91,-0.02,21.07,61.96
151680.0,-0.48,-0.71,0.0,17.06,-0.02,19.91,36.95
151780.0,-0.32,-0.74,0.0,17.84,-0.02,-33.29,-15.47
151880.0,-0.38,-2.0,0.0,48.08,-0.02,-26.9,21.16
151980.0,-0.5,-0.98,0.0,23.62,-0.02,51.11,74.72
152080.0,-0.49,-0.62,0.0,14.79,-0.02,-27.26,-12.48
152180.0,-0.41,-0.77,0.0,18.53,-0.02,-25.72,-7.21
152280.0,-0.5,-1.19,0.0,28.6,-0.02,-18.06,10.52
152380.0,-0.47,-0.87,0.0,20.95,-0.02,36.13,57.06
152480.0,-0.52,-1.08,0.0,25.94,-0.02,40.29,66.21
152580.0,-0.48,-0.87,0.0,20.81,-0.01,27.85,48.64
152680.0,-0.51,-0.76,0.0,18.15,-0.01,-13.08,5.05
152780.0,-0.46,-0.27,0.0,6.47,-0.01,-4.31,2.15
152880.0,-0.4,-0.13,0.0,3.05,-0.01,2.11,5.14
152980.0,-0.29,-0.18,0.0,4.27,-0.01,-0.68,3.58
153080.0,-0.43,0.09,0.0,-2.12,-0.01,-18.38,-20.51
153180.0,-0.49,0.38,0.0,-9.22,-0.01,-23.82,-33.05
153280.0,-0.51,0.53,0.0,-12.79,-0.01,-15.96,-28.77
153380.0,-0.59,0.41,0.0,-9.82,-0.01,-8.41,-18.24
153480.0,-0.53,0.52,0.0,-12.46,-0.01,-6.96,-19.44
153580.0,-0.52,0.34,0.0,-8.27,-0.01,-10.52,-18.8
153680.0,-0.52,0.27,0.0,-6.41,-0.01,-11.62,-18.04
153780.0,-0.57,0.04,0.0,-1.01,-0.01,-9.8,-10.82
153880.0,-0.49,-0.0,0.0,0.01,-0.01,2.49,2.49
153980.0,-0.49,0.11,0.0,-2.67,-0.01,-1.5,-4.18
154080.0,-0.56,0.28,0.0,-6.79,-0.01,15.74,8.93
154180.0,-0.52,0.38,0.0,-9.15,-0.01,25.28,16.12
154280.0,-0.49,0.13,0.0,-3.09,-0.01,26.38,23.28
154380.0,-0.59,-0.2,0.0,4.88,-0.01,30.76,35.62
154480.0,-0.4,0.05,0.0,-1.27,-0.01,20.3,19.01
154580.0,-0.59,-0.27,0.0,6.57,-0.01,1.39,7.94
154680.0,-0.58,-0.47,0.0,11.34,-0.01,12.13,23.45
154780.0,-0.6,-0.52,0.0,12.47,-0.01,5.2,17.66
154880.0,-0.55,-0.37,0.0,8.98,-0.01,15.59,24.55
154980.0,-0.67,-0.25,0.0,6.02,-0.01,4.91,10.92
155080.0,-0.67,-0.24,0.0,5.65,-0.01,6.76,12.4
155180.0,-0.55,0.06,0.0,-1.41,-0.01,0.84,-0.59
155280.0,-0.52,0.06,0.0,-1.41,-0.01,-3.1,-4.52
155380.0,-0.59,0.33,0.0,-7.81,-0.01,-17.66,-25.48
155480.0,-0.57,-0.02,0.0,0.39,-0.01,-0.4,-0.02
155580.0,-0.51,-0.03,0.0,0.74,-0.01,14.55,15.27
155680.0,-0.44,-0.19,0.0,4.65,-0.01,28.82,33.45
155780.0,-0.46,-0.25,0.0,5.95,-0.01,25.54,31.48
155880.0,-0.5,-0.2,0.0,4.89,-0.01,30.27,35.14
155980.0,-0.46,0.02,0.0,-0.39,-0.01,16.16,15.75
156080.0,-0.33,-0.17,0.0,4.16,-0.01,16.36,20.51
156180.0,-0.42,-0.27,0.0,6.38,-0.01,-1.78,4.59
156280.0,-0.55,-0.12,0.0,2.8,-0.01,-1.12,1.66
156380.0,-0.4,-0.09,0.0,2.17,-0.01,-0.59,1.57
156480.0,-0.32,-0.35,0.0,8.48,-0.01,-9.58,-1.12
156580.0,-0.36,-0.23,0.0,5.63,-0.01,4.6,10.21
156680.0,-0.36,0.26,0.0,-6.35,-0.01,5.88,-0.48
156780.0,-0.41,0.89,0.0,-21.38,-0.01,8.13,-13.26
156880.0,-0.35,0.23,0.0,-5.45,-0.01,39.96,34.5
156980.0,-0.03,-0.54,0.0,12.89,-0.01,30.61,43.49
157080.0,-0.06,-4.61,0.0,110.75,-0.01,74.22,184.95
157180.0,-0.54,-8.71,0.0,209.07,-0.01,36.64,245.7
157280.0,-0.39,-10.36,0.0,248.75,-0.01,-7.64,241.1
157380.0,0.04,-9.2,0.0,220.73,-0.01,-57.0,163.73
157480.0,0.26,-3.26,0.0,78.36,-0.0,-92.3,-13.95
157580.0,0.23,0.5,0.0,-11.99,-0.0,-47.27,-59.26
157680.0,0.15,1.2,0.0,-28.83,-0.0,-0.99,-29.82
157780.0,-0.08,0.57,0.0,-13.6,-0.0,3.33,-10.27
157880.0,0.04,0.27,0.0,-6.56,-0.0,-1.85,-8.41
157980.0,-0.02,0.94,0.0,-22.57,-0.01,35.36,12.78
158080.0,0.19,2.06,0.0,-49.4,-0.01,-19.82,-69.22
158180.0,0.21,0.38,0.0,-9.03,-0.01,15.7,6.66
158280.0,0.86,-0.25,0.0,5.89,-0.01,62.55,68.43
158380.0,0.74,-3.48,0.0,83.49,-0.01,88.08,171.57
158480.0,0.71,-9.05,0.0,217.11,-0.0,63.52,280.63
158580.0,-0.17,-13.44,0.0,255.0,-0.0,19.46,274.46
158680.0,0.08,-13.04,0.0,255.0,0.0,-61.41,193.59
158780.0,0.25,-5.86,0.0,140.67,0.01,-131.07,9.61
158880.0,0.38,-1.06,0.0,25.35,0.01,-30.01,-4.66
158980.0,0.38,1.79,0.0,-42.91,0.01,-13.7,-56.6
159080.0,0.28,1.76,0.0,-42.31,0.01,14.6,-27.71
159180.0,0.37,0.67,0.0,-16.0,0.01,9.75,-6.25
159280.0,0.23,1.78,0.0,-42.74,0.01,-27.83,-70.56
159380.0,0.15,1.07,0.0,-25.71,0.01,-9.8,-35.5
159480.0,0.51,0.23,0.0,-5.59,0.0,14.11,8.52
159580.0,0.5,-2.69,0.0,64.54,0.01,78.41,142.96
159680.0,0.41,-8.76,0.0,210.15,0.01,86.09,296.24
159780.0,0.11,-16.85,0.0,255.0,0.01,105.03,360.04
159880.0,-0.06,-24.33,0.0,255.0,0.02,35.05,290.06
159980.0,0.23,-23.89,0.0,255.0,0.02,-82.13,172.89
160080.0,0.95,-14.52,0.0,255.0,0.03,-152.24,102.78
160180.0,1.38,-1.73,0.0,41.45,0.03,-101.28,-59.8
160280.0,1.05,0.99,0.0,-23.66,0.03,-29.35,-52.98
160380.0,1.01,2.1,0.0,-50.3,0.03,-9.18,-59.45
160480.0,0.55,1.76,0.0,-42.14,0.03,23.5,-18.61
160580.0,0.72,2.08,0.0,-49.97,0.03,-15.68,-65.62
160680.0,0.36,0.57,0.0,-13.69,0.03,38.34,24.68
160780.0,0.45,-3.7,0.0,88.73,0.03,102.1,190.86
160880.0,-0.06,-9.89,0.0,237.42,0.03,39.66,277.12
160980.0,0.14,-10.88,0.0,255.0,0.03,-28.89,226.14
161080.0,0.76,-6.97,0.0,167.31,0.04,-91.05,76.29
161180.0,0.7,-1.16,0.0,27.81,0.04,-25.25,2.6
161280.0,0.56,1.12,0.0,-26.81,0.04,-12.09,-38.86
161380.0,0.73,1.38,0.0,-33.08,0.04,-4.86,-37.9
161480.0,0.35,1.47,0.0,-35.37,0.04,11.54,-23.79
161580.0,0.16,0.59,0.0,-14.19,0.04,-11.21,-25.37
161681.0,0.22,1.93,0.0,-46.4,0.04,22.81,-23.55
161781.0,0.21,1.66,0.0,-39.75,0.04,3.28,-36.43
161881.0,-0.06,1.2,0.0,-28.71,0.04,-25.83,-54.51
161981.0,0.1,0.42,0.0,-10.01,0.04,-4.31,-14.28
162081.0,0.15,0.4,0.0,-9.63,0.04,22.85,13.25
162181.0,0.14,0.38,0.0,-9.07,0.04,23.91,14.88
162281.0,0.2,0.13,0.0,-3.19,0.03,0.09,-3.06
162381.0,0.11,-0.24,0.0,5.76,0.03,12.59,18.38
162481.0,0.06,0.2,0.0,-4.75,0.03,6.03,1.32
162581.0,0.08,-0.17,0.0,4.15,0.03,6.5,10.69
162681.0,0.12,-0.56,0.0,13.34,0.03,-0.24,13.14
162781.0,0.09,-0.39,0.0,9.32,0.03,10.3,19.65
162881.0,-0.12,-0.77,0.0,18.5,0.03,12.73,31.26
162981.0,-0.17,-0.24,0.0,5.66,0.03,11.67,17.37
163081.0,-0.02,0.4,0.0,-9.64,0.03,19.6,9.99
163181.0,-0.22,0.45,0.0,-10.76,0.03,28.58,17.85
163281.0,0.02,0.55,0.0,-13.23,0.03,30.92,17.73
163381.0,0.07,0.34,0.0,-8.07,0.03,39.74,31.7
163481.0,0.15,0.66,0.0,-15.86,0.03,35.98,20.15
163581.0,-0.11,0.56,0.0,-13.55,0.03,28.69,15.18
163681.0,-0.18,0.28,0.0,-6.78,0.03,18.8,12.05
163781.0,-0.05,0.1,0.0,-2.35,0.03,26.23,23.92
163881.0,-0.21,-0.36,0.0,8.66,0.03,23.52,32.22
163981.0,-0.25,-0.73,0.0,17.6,0.03,13.7,31.34
164081.0,-0.02,-0.84,0.0,20.12,0.03,-8.41,11.74
164181.0,0.11,-0.31,0.0,7.54,0.03,-11.91,-4.34
164281.0,-0.07,-0.32,0.0,7.78,0.03,-1.81,6.0
164381.0,-0.22,-0.71,0.0,16.98,0.03,15.19,32.2
164481.0,-0.29,-0.31,0.0,7.34,0.03,2.11,9.48
164581.0,-0.31,-0.42,0.0,10.16,0.04,16.4,26.59
164681.0,-0.36,-0.31,0.0,7.51,0.04,22.81,30.36
164781.0,-0.3,0.05,0.0,-1.28,0.04,9.67,8.42
164881.0,-0.03,0.04,0.0,-0.93,0.04,-0.02,-0.91
164981.0,-0.07,-0.07,0.0,1.57,0.04,-16.56,-14.95
165081.0,-0.19,-0.16,0.0,3.81,0.03,21.31,25.15
165181.0,-0.29,-0.06,0.0,1.52,0.03,28.74,30.29
165281.0,-0.29,-0.14,0.0,3.38,0.03,44.5,47.91
165381.0,-0.21,-0.49,0.0,11.66,0.03,31.44,43.14
165481.0,-0.11,-0.31,0.0,7.37,0.03,16.63,24.04
165581.0,-0.17,-0.22,0.0,5.31,0.04,0.75,6.1
165681.0,-0.17,-0.03,0.0,0.8,0.03,13.15,13.99
165781.0,-0.02,-0.08,0.0,2.0,0.03,8.1,10.13
165881.0,-0.23,0.07,0.0,-1.6,0.03,-10.59,-12.16
165981.0,-0.31,0.75,0.0,-17.99,0.03,-38.0,-55.95
166081.0,-0.1,0.82,0.0,-19.61,0.03,6.96,-12.61
166181.0,-0.13,0.69,0.0,-16.65,0.03,14.12,-2.49
166281.0,-0.24,0.15,0.0,-3.54,0.03,19.75,16.24
166381.0,-0.18,0.28,0.0,-6.82,0.03,23.19,16.41
166481.0,-0.25,0.67,0.0,-16.12,0.03,26.38,10.3
166581.0,-0.21,1.6,0.0,-38.38,0.03,-21.49,-59.84
166681.0,0.71,6.04,0.0,-144.85,0.03,-96.88,-241.7
166781.0,0.91,13.58,0.0,-255.0,0.03,-94.26,-349.23
166881.0,0.23,18.3,0.0,-255.0,0.03,-32.68,-287.66
166981.0,-0.23,19.98,0.0,-255.0,0.02,-6.61,-261.6
167081.0,-0.0,20.15,0.0,-255.0,0.01,3.54,-251.45
167181.0,0.18,19.53,0.0,-255.0,0.01,9.2,-245.8
167281.0,0.31,18.85,0.0,-255.0,0.0,20.23,-234.77
167381.0,-0.51,18.22,0.0,-255.0,-0.0,4.76,-250.24
167481.0,-0.29,18.13,0.0,-255.0,-0.01,4.18,-250.83
167581.0,-0.23,18.04,0.0,-255.0,-0.01,10.02,-244.99
167681.0,0.27,17.45,0.0,-255.0,-0.02,19.25,-235.76
167781.0,-0.83,12.85,0.0,-255.0,-0.02,68.3,-186.72
167881.0,-1.48,8.41,0.0,-201.95,-0.03,63.88,-138.1
167981.0,-2.31,4.68,0.0,-112.34,-0.03,38.03,-74.33
168081.0,-2.48,1.03,0.0,-24.84,-0.03,27.98,3.11
168181.0,-2.33,-0.14,0.0,3.42,-0.03,11.8,15.19
168281.0,-2.25,-0.87,0.0,20.99,-0.03,0.27,21.23
168381.0,-2.05,-0.37,0.0,8.89,-0.03,-12.18,-3.33
168481.0,-1.82,-1.02,0.0,24.56,-0.03,1.72,26.25
168581.0,-1.64,-0.48,0.0,11.62,-0.03,-13.78,-2.19
168681.0,-1.28,-0.43,0.0,10.22,-0.03,13.74,23.93
168781.0,-1.23,-0.76,0.0,18.22,-0.03,6.05,24.24
168881.0,-1.27,1.04,0.0,-25.01,-0.03,-32.65,-57.69
168981.0,-1.08,8.66,0.0,-207.89,-0.03,-117.49,-325.41
169081.0,-0.17,18.28,0.0,-255.0,-0.03,-125.62,-380.66
169181.0,0.79,24.15,0.0,-255.0,-0.04,-19.88,-274.92
169281.0,0.52,25.0,0.0,-255.0,-0.05,-8.08,-263.13
169381.0,-0.23,24.7,0.0,-255.0,-0.05,-4.25,-259.31
169481.0,0.25,25.22,0.0,-255.0,-0.06,-5.19,-260.25
169581.0,0.48,25.3,0.0,-255.0,-0.07,-4.03,-259.1
169681.0,1.19,25.19,0.0,-255.0,-0.08,3.52,-251.56
169781.0,1.33,24.67,0.0,-255.0,-0.08,10.41,-244.68
169881.0,0.83,23.96,0.0,-255.0,-0.09,3.46,-251.63
169981.0,0.61,23.3,0.0,-255.0,-0.1,2.09,-253.01
170081.0,0.92,23.14,0.0,-255.0,-0.1,9.91,-245.19
170181.0,0.37,22.69,0.0,-255.0,-0.11,1.04,-254.07
170281.0,0.45,22.79,0.0,-255.0,-0.12,-2.79,-257.9
170381.0,0.46,22.62,0.0,-255.0,-0.12,8.41,-246.71
170481.0,-0.11,22.28,0.0,-255.0,-0.13,-1.28,-256.41
170581.0,-0.27,22.31,0.0,-255.0,-0.14,-2.07,-257.21
170681.0,-0.52,22.14,0.0,-255.0,-0.14,7.88,-247.26
170781.0,-0.78,21.85,0.0,-255.0,-0.15,6.58,-248.57
170881.0,-0.7,21.53,0.0,-255.0,-0.15,0.22,-254.94
170981.0,-1.22,20.99,0.0,-255.0,-0.16,9.65,-245.51
171081.0,-1.33,20.91,0.0,-255.0,-0.17,9.01,-246.15
171181.0,-1.26,20.59,0.0,-255.0,-0.17,8.01,-247.17
171281.0,-1.16,19.51,0.0,-255.0,-0.18,12.15,-243.03
171381.0,-1.33,19.53,0.0,-255.0,-0.18,6.23,-248.96
171481.0,-1.26,19.96,0.0,-255.0,-0.19,-5.04,-260.23
171581.0,-1.33,19.56,0.0,-255.0,-0.19,7.93,-247.26
171681.0,-1.63,19.44,0.0,-255.0,-0.2,8.43,-246.77
171781.0,-1.59,19.58,0.0,-255.0,-0.21,-1.76,-256.96
171881.0,-1.88,19.12,0.0,-255.0,-0.21,8.92,-246.29
171981.0,-2.07,18.77,0.0,-255.0,-0.22,9.12,-246.09
172081.0,-1.78,18.85,0.0,-255.0,-0.22,1.28,-253.94
172181.0,-1.85,17.51,0.0,-255.0,-0.23,15.44,-239.78
172281.0,-1.94,16.17,0.0,-255.0,-0.23,37.43,-217.8
172381.0,-1.38,11.59,0.0,-255.0,-0.23,96.93,-158.3
172481.0,-1.21,2.83,0.0,-67.83,-0.24,100.89,32.82
172581.0,-1.16,-0.0,0.0,0.01,-0.24,-30.01,-30.24
172681.0,-1.04,-0.57,0.0,13.78,-0.24,-19.46,-5.91
172781.0,-0.99,-0.06,0.0,1.4,-0.24,-2.82,-1.66
172881.0,-0.7,0.34,0.0,-8.08,-0.24,-23.47,-31.78
172981.0,-0.6,-0.16,0.0,3.8,-0.24,-21.07,-17.5
173081.0,-0.52,-1.11,0.0,26.66,-0.24,11.08,37.51
173181.0,-0.57,-5.31,0.0,127.37,-0.24,109.92,237.06
173281.0,-1.02,-14.33,0.0,255.0,-0.23,117.31,372.07
173381.0,-0.56,-22.52,0.0,255.0,-0.23,69.75,324.52
173481.0,1.21,-27.79,0.0,255.0,-0.22,26.53,281.31
173581.0,0.47,-29.9,0.0,255.0,-0.21,13.54,268.33
173681.0,-1.73,-31.63,0.0,255.0,0.0,24.18,279.18
173781.0,-2.53,-33.34,0.0,255.0,0.0,15.63,270.63
173881.0,-2.28,-33.93,0.0,255.0,0.0,7.97,262.97
173981.0,-1.39,-34.33,0.0,255.0,0.0,6.58,261.58
174081.0,0.52,-34.1,0.0,255.0,0.0,-7.62,247.38
174181.0,2.68,-32.71,0.0,255.0,0.0,-12.84,242.16
174281.0,4.1,-31.85,0.0,255.0,0.0,-4.2,250.8
174381.0,4.9,-31.5,0.0,255.0,0.0,-8.01,246.99
174481.0,5.79,-30.52,0.0,255.0,0.0,-6.25,248.75
174581.0,6.13,-29.66,0.0,255.0,0.0,-24.51,230.49
174681.0,7.25,-26.14,0.0,255.0,0.01,-39.08,215.93
174781.0,8.45,-24.74,0.0,255.0,0.02,5.09,260.11
174881.0,8.15,-25.02,0.0,255.0,0.03,-3.15,251.87
174981.0,8.23,-24.35,0.0,255.0,0.03,-6.91,248.13
175081.0,8.05,-23.84,0.0,255.0,0.04,-3.37,251.67
175181.0,8.57,-23.69,0.0,255.0,0.05,-3.32,251.73
175281.0,8.61,-23.52,0.0,255.0,0.06,-0.04,255.02
175381.0,8.62,-23.41,0.0,255.0,0.06,-0.22,254.84
175481.0,8.84,-23.19,0.0,255.0,0.07,-0.79,254.28
175581.0,8.98,-23.14,0.0,255.0,0.08,1.96,257.04
175681.0,9.25,-23.1,0.0,255.0,0.08,0.31,255.39
175781.0,9.22,-23.04,0.0,255.0,0.09,0.04,255.13
175881.0,9.37,-22.8,0.0,255.0,0.1,1.43,256.53
175981.0,9.27,-22.88,0.0,255.0,0.1,1.81,256.92
176081.0,9.43,-22.95,0.0,255.0,0.11,0.13,255.24
176181.0,9.4,-22.96,0.0,255.0,0.12,0.6,255.72
176281.0,9.21,-22.83,0.0,255.0,0.12,-0.04,255.09
176381.0,8.93,-22.91,0.0,255.0,0.13,-1.25,253.88
176481.0,8.57,-22.91,0.0,255.0,0.14,-1.06,254.07
176581.0,8.41,-22.79,0.0,255.0,0.14,-1.96,253.18
176681.0,8.5,-22.55,0.0,255.0,0.15,-1.67,253.48
176781.0,8.54,-22.28,0.0,255.0,0.16,0.59,255.74
176881.0,8.49,-22.45,0.0,255.0,0.16,0.09,255.25
176981.0,8.67,-22.14,0.0,255.0,0.17,-4.98,250.18
177081.0,8.54,-22.09,0.0,255.0,0.17,0.22,255.39
177181.0,8.73,-21.95,0.0,255.0,0.18,-7.77,247.41
177281.0,8.58,-21.4,0.0,255.0,0.19,-7.48,247.71
177381.0,7.57,-20.5,0.0,255.0,0.19,-6.63,248.56
177481.0,7.3,-19.69,0.0,255.0,0.2,-10.63,244.57
177581.0,7.14,-18.94,0.0,255.0,0.21,-4.89,250.31
177681.0,7.1,-18.6,0.0,255.0,0.21,-4.87,250.34
177781.0,6.99,-18.49,0.0,255.0,0.22,2.88,258.09
177881.0,7.08,-18.79,0.0,255.0,0.22,-1.23,253.99
177981.0,7.3,-18.87,0.0,255.0,0.23,0.49,255.72
178081.0,7.38,-19.02,0.0,255.0,0.23,2.93,258.16
178181.0,7.32,-19.13,0.0,255.0,0.24,-0.37,254.87
178281.0,7.49,-19.01,0.0,255.0,0.24,-0.95,254.29
178381.0,7.64,-18.85,0.0,255.0,0.25,-2.38,252.87
178481.0,7.45,-18.69,0.0,255.0,0.26,-3.06,252.2
178581.0,7.64,-18.54,0.0,255.0,0.26,-5.39,249.87
178681.0,7.59,-18.22,0.0,255.0,0.27,-1.03,254.24
178781.0,7.79,-17.97,0.0,255.0,0.27,-5.08,250.2
178881.0,8.01,-16.97,0.0,255.0,0.28,-8.85,246.43
178981.0,7.67,-15.87,0.0,255.0,0.28,-35.69,219.59
179081.0,5.78,-11.88,0.0,255.0,0.29,-51.04,204.24
179181.0,3.43,-6.3,0.0,151.29,0.29,-76.62,74.96
179281.0,0.49,0.82,0.0,-19.62,0.29,-40.05,-59.38
179381.0,-0.84,0.33,0.0,-7.84,0.29,-31.6,-39.15
179481.0,-0.37,0.35,0.0,-8.49,0.29,-2.62,-10.82
179581.0,-0.44,0.3,0.0,-7.18,0.29,-12.95,-19.85
179681.0,-0.35,0.47,0.0,-11.39,0.29,-3.06,-14.16
179781.0,-0.37,0.19,0.0,-4.55,0.29,20.85,16.59
179881.0,-0.25,-0.11,0.0,2.73,0.29,11.54,14.56
179981.0,-0.33,-0.3,0.0,7.19,0.29,8.87,16.34
180081.0,-0.29,-0.29,0.0,6.89,0.29,6.63,13.81
180181.0,-0.28,0.03,0.0,-0.75,0.29,-3.77,-4.24
180281.0,-0.23,0.14,0.0,-3.36,0.29,-11.67,-14.74
180381.0,-0.28,0.32,0.0,-7.74,0.29,-9.89,-17.34
180481.0,-0.34,0.15,0.0,-3.56,0.29,14.4,11.12
180581.0,-0.32,0.3,0.0,-7.29,0.29,-8.13,-15.14
180681.0,-0.23,0.49,0.0,-11.77,0.29,5.28,-6.2
180781.0,-0.19,0.47,0.0,-11.28,0.29,4.16,-6.83
180881.0,-0.39,0.1,0.0,-2.35,0.29,24.4,22.34
180981.0,-0.31,-0.02,0.0,0.37,0.29,-1.65,-0.99
181081.0,-0.32,0.26,0.0,-6.19,0.29,-12.33,-18.23
181181.0,-0.08,0.04,0.0,-0.94,0.29,9.86,9.21
181281.0,-0.11,0.02,0.0,-0.57,0.29,16.36,16.08
181381.0,-0.17,-0.29,0.0,6.85,0.29,8.7,15.84
181481.0,-0.15,0.01,0.0,-0.2,0.29,22.53,22.62
181581.0,-0.14,-0.2,0.0,4.7,0.29,23.71,28.69
181681.0,-0.29,-0.46,0.0,11.14,0.29,0.37,11.79
181781.0,-0.15,-0.45,0.0,10.73,0.29,-15.28,-4.26
181881.0,-0.1,-0.23,0.0,5.59,0.29,-16.51,-10.63
181981.0,-0.06,-0.47,0.0,11.29,0.29,-23.76,-12.18
182081.0,-0.06,-0.09,0.0,2.11,0.29,-16.54,-14.14
182181.0,0.02,-0.1,0.0,2.3,0.29,7.24,9.82
182281.0,0.01,-0.08,0.0,2.03,0.29,12.42,14.74
182381.0,-0.12,-0.52,0.0,12.38,0.29,13.59,26.27
182481.0,-0.13,-0.35,0.0,8.29,0.29,-13.94,-5.37
182581.0,-0.18,-0.15,0.0,3.62,0.29,-17.26,-13.35
182681.0,-0.02,0.36,0.0,-8.74,0.29,-10.7,-19.15
182781.0,-0.09,0.45,0.0,-10.85,0.29,-0.09,-10.65
182881.0,-0.05,0.28,0.0,-6.76,0.29,26.95,20.47
182981.0,-0.01,-0.16,0.0,3.76,0.29,33.54,37.59
183081.0,-0.14,-0.67,0.0,16.12,0.29,23.96,40.37
183181.0,0.1,-0.18,0.0,4.44,0.29,-10.08,-5.35
183281.0,0.03,-0.06,0.0,1.4,0.29,-23.58,-21.89
183381.0,0.02,0.16,0.0,-3.93,0.29,-5.46,-9.1
183481.0,-0.05,0.14,0.0,-3.44,0.29,20.79,17.65
183581.0,-0.05,0.02,0.0,-0.47,0.29,29.35,29.17
183681.0,-0.08,-0.31,0.0,7.5,0.29,23.85,31.64
183781.0,-0.09,-0.26,0.0,6.24,0.29,16.4,22.93
183881.0,-0.12,-0.35,0.0,8.3,0.29,-0.82,7.76
183981.0,-0.08,-0.16,0.0,3.83,0.29,-28.29,-24.17
184081.0,-0.1,0.13,0.0,-3.19,0.29,-31.07,-33.97
184181.0,-0.1,0.27,0.0,-6.53,0.29,-28.01,-34.25
184281.0,-0.1,0.57,0.0,-13.7,0.29,-13.37,-26.78
184381.0,-0.15,0.27,0.0,-6.47,0.29,13.1,6.92
184481.0,-0.04,0.01,0.0,-0.25,0.29,32.06,32.1
184581.0,-0.15,-0.4,0.0,9.56,0.29,25.26,35.11
184681.0,-0.15,-0.56,0.0,13.33,0.29,12.31,25.93
184781.0,-0.21,-0.41,0.0,9.88,0.29,-5.37,4.8
184881.0,-0.05,-0.29,0.0,7.06,0.29,-21.03,-13.69
184981.0,-0.14,0.24,0.0,-5.78,0.29,-32.67,-38.15
185081.0,-0.12,0.57,0.0,-13.7,0.29,-26.13,-39.54
185181.0,0.01,0.77,0.0,-18.4,0.29,-1.39,-19.5
185281.0,-0.12,0.65,0.0,-15.52,0.29,-3.02,-18.25
185381.0,-0.13,0.29,0.0,-7.0,0.29,-23.51,-30.22
185481.0,-0.1,-0.03,0.0,0.62,0.29,-4.36,-3.45
185581.0,-0.05,-0.21,0.0,4.94,0.29,15.85,21.07
185681.0,-0.02,-0.44,0.0,10.66,0.29,6.41,17.36
185781.0,-0.14,-0.04,0.0,0.93,0.29,-29.77,-28.56
185881.0,-0.12,0.06,0.0,-1.52,0.29,-16.09,-17.32
185981.0,-0.02,0.48,0.0,-11.43,0.29,1.12,-10.03
186081.0,-0.07,0.26,0.0,-6.33,0.29,15.5,9.46
186181.0,-0.07,0.13,0.0,-3.17,0.29,28.36,25.48
186281.0,-0.05,-0.19,0.0,4.51,0.29,27.98,32.77
186381.0,0.02,-0.42,0.0,10.12,0.29,15.48,25.89
186481.0,-0.21,-0.6,0.0,14.39,0.29,-12.93,1.75
186581.0,-0.04,-0.09,0.0,2.18,0.29,-24.84,-22.37
186681.0,-0.05,0.12,0.0,-2.84,0.29,-10.66,-13.21
186781.0,-0.05,0.33,0.0,-7.93,0.29,-0.06,-7.7
186881.0,-0.02,0.09,0.0,-2.13,0.29,28.18,26.34
186981.0,-0.05,0.04,0.0,-0.85,0.29,25.98,25.41
187081.0,-0.03,-0.34,0.0,8.27,0.29,29.51,38.08
187181.0,-0.2,-0.65,0.0,15.7,0.29,13.67,29.65
187281.0,0.0,-0.36,0.0,8.58,0.29,-12.53,-3.67
187381.0,-0.03,-0.13,0.0,3.09,0.29,-24.35,-20.97
187481.0,0.01,0.29,0.0,-6.88,0.29,3.17,-3.43
187581.0,0.03,0.43,0.0,-10.3,0.29,13.94,3.93
187681.0,-0.15,-0.07,0.0,1.66,0.29,21.93,23.88
187781.0,-0.1,0.15,0.0,-3.67,0.29,0.2,-3.18
187881.0,-0.07,0.03,0.0,-0.82,0.29,-4.31,-4.84
187981.0,0.01,-0.12,0.0,2.9,0.29,16.32,19.51
188081.0,-0.04,-0.64,0.0,15.38,0.29,21.51,37.18
188181.0,0.01,-0.14,0.0,3.43,0.29,-0.37,3.35
188281.0,0.04,-0.01,0.0,0.25,0.29,25.23,25.76
188381.0,-0.09,-0.11,0.0,2.57,0.29,9.62,12.48
188481.0,-0.13,0.03,0.0,-0.84,0.29,8.35,7.81
188581.0,-0.1,-0.06,0.0,1.52,0.29,4.84,6.65
188681.0,-0.06,-0.16,0.0,3.91,0.29,-16.75,-12.55
188781.0,-0.03,-0.23,0.0,5.58,0.29,-24.13,-18.26
188881.0,-0.04,-0.11,0.0,2.7,0.29,-0.57,2.42
188981.0,-0.04,-0.33,0.0,7.84,0.29,24.26,32.38
189081.0,-0.03,0.07,0.0,-1.75,0.29,-5.22,-6.68
189181.0,-0.24,0.23,0.0,-5.44,0.29,-19.62,-24.77
189281.0,-0.3,0.19,0.0,-4.55,0.29,-6.01,-10.27
189381.0,-0.1,0.23,0.0,-5.47,0.29,19.18,14.0
189481.0,-0.13,-0.27,0.0,6.55,0.29,13.7,20.54
189581.0,-0.12,-0.24,0.0,5.84,0.29,-7.84,-1.71
189681.0,-0.07,-0.08,0.0,1.93,0.29,13.39,15.61
189781.0,-0.16,-0.3,0.0,7.28,0.29,9.32,16.89
189881.0,-0.21,-0.22,0.0,5.36,0.29,-14.22,-8.57
189981.0,-0.21,-0.01,0.0,0.36,0.29,-11.74,-11.1
190081.0,-0.16,0.13,0.0,-3.17,0.29,-27.92,-30.81
190181.0,-0.11,0.05,0.0,-1.29,0.29,-11.29,-12.29
190281.0,-0.05,0.23,0.0,-5.58,0.29,-10.22,-15.51
190381.0,-0.02,0.11,0.0,-2.59,0.29,9.89,7.6
190481.0,-0.08,-0.18,0.0,4.2,0.29,30.3,34.79
190581.0,-0.15,-0.25,0.0,5.98,0.29,13.9,20.18
190681.0,-0.17,-0.22,0.0,5.34,0.29,-10.19,-4.56
190781.0,-0.19,-0.07,0.0,1.72,0.29,-14.91,-12.91
190881.0,-0.09,0.03,0.0,-0.82,0.29,-27.79,-28.33
190981.0,-0.12,0.18,0.0,-4.22,0.29,-17.72,-21.65
191081.0,-0.1,0.41,0.0,-9.95,0.29,-10.88,-20.54
191181.0,0.0,0.36,0.0,-8.65,0.29,12.31,3.95
191281.0,-0.05,0.41,0.0,-9.91,0.29,2.0,-7.63
191381.0,-0.16,0.27,0.0,-6.37,0.29,1.83,-4.25
191481.0,-0.05,0.08,0.0,-1.81,0.29,23.47,21.94
191581.0,-0.02,-0.2,0.0,4.81,0.29,15.99,21.1
191681.0,-0.2,-0.3,0.0,7.23,0.29,-10.0,-2.49
191781.0,-0.02,0.12,0.0,-2.8,0.29,-0.97,-3.48
191881.0,-0.1,0.09,0.0,-2.19,0.29,22.33,20.43
191981.0,-0.13,0.16,0.0,-3.77,0.29,25.43,21.95
192081.0,-0.12,-0.12,0.0,2.86,0.29,26.49,29.64
192181.0,-0.12,-0.2,0.0,4.9,0.29,17.09,22.28
192281.0,-0.19,-0.54,0.0,12.93,0.29,22.11,35.33
192381.0,-0.26,-0.52,0.0,12.57,0.29,-6.6,6.26
192481.0,-0.2,-0.35,0.0,8.38,0.29,-11.12,-2.45
192581.0,-0.08,-0.04,0.0,1.0,0.29,-28.56,-27.27
192681.0,-0.09,0.3,0.0,-7.19,0.29,-25.06,-31.97
192781.0,-0.27,0.18,0.0,-4.4,0.29,-5.15,-9.26
192881.0,0.03,0.19,0.0,-4.66,0.29,23.3,18.93
192981.0,-0.06,-0.16,0.0,3.72,0.29,22.88,26.89
193081.0,-0.2,-0.34,0.0,8.17,0.29,-2.44,6.02
193181.0,-0.24,-0.13,0.0,3.13,0.29,-15.15,-11.73
193281.0,-0.14,0.16,0.0,-3.91,0.29,-13.69,-17.31
193381.0,-0.27,0.14,0.0,-3.31,0.29,-10.5,-13.52
193481.0,-0.28,0.38,0.0,-9.14,0.29,-11.76,-20.61
193581.0,-0.2,0.3,0.0,-7.2,0.29,-3.1,-10.0
193681.0,-0.11,0.1,0.0,-2.42,0.29,10.55,8.42
193781.0,-0.05,-0.23,0.0,5.45,0.29,22.13,27.87
193881.0,-0.34,-0.46,0.0,10.97,0.29,-15.33,-4.07
193981.0,-0.23,-0.03,0.0,0.76,0.29,-19.82,-18.77
194081.0,-0.26,0.27,0.0,-6.52,0.29,-30.1,-36.33
194181.0,-0.24,0.58,0.0,-13.87,0.29,-14.22,-27.8
194281.0,-0.19,0.24,0.0,-5.69,0.29,18.52,13.12
194381.0,-0.11,-0.27,0.0,6.5,0.29,36.44,43.23
194481.0,-0.09,-0.45,0.0,10.77,0.29,-1.19,9.87
194581.0,-0.11,-0.52,0.0,12.4,0.29,-5.88,6.81
194681.0,-0.03,-0.1,0.0,2.3,0.29,-8.46,-5.88
194781.0,0.01,0.21,0.0,-5.12,0.29,-5.62,-10.46
194881.0,-0.06,0.58,0.0,-13.97,0.29,-5.15,-18.83
194981.0,0.09,0.19,0.0,-4.5,0.29,22.31,18.1
195081.0,-0.07,-0.15,0.0,3.57,0.29,22.2,26.06
195181.0,-0.07,-0.54,0.0,12.9,0.29,31.07,44.26
195281.0,-0.02,-0.54,0.0,12.9,0.29,-6.71,6.48
195381.0,0.06,-0.19,0.0,4.65,0.29,-4.23,0.71
195481.0,0.06,0.07,0.0,-1.78,0.29,0.53,-0.96
195581.0,0.04,0.29,0.0,-7.01,0.29,14.86,8.13
195681.0,-0.1,0.32,0.0,-7.79,0.29,22.86,15.37
195781.0,-0.01,0.07,0.0,-1.61,0.29,7.18,5.86
195881.0,-0.14,-0.28,0.0,6.67,0.29,-2.82,4.14
195981.0,-0.12,-0.52,0.0,12.41,0.29,-9.38,3.31
196081.0,0.04,-0.24,0.0,5.84,0.29,-22.13,-16.0
196181.0,-0.04,-0.19,0.0,4.58,0.29,10.13,15.0
196281.0,-0.13,-0.25,0.0,5.89,0.29,10.63,16.8
196381.0,-0.1,0.11,0.0,-2.75,0.29,-11.56,-14.03
196481.0,-0.1,0.49,0.0,-11.68,0.29,-21.69,-33.08
196581.0,-0.12,0.3,0.0,-7.09,0.29,6.54,-0.26
196681.0,0.04,0.01,0.0,-0.31,0.29,31.77,31.74
196781.0,0.0,-0.26,0.0,6.31,0.29,21.71,28.31
196881.0,0.0,-0.61,0.0,14.55,0.29,0.35,15.19
196981.0,0.01,-0.24,0.0,5.81,0.29,-6.52,-0.42
197081.0,-0.02,-0.03,0.0,0.79,0.29,18.72,19.8
197181.0,0.17,0.21,0.0,-5.16,0.29,16.4,11.53
197281.0,0.04,0.28,0.0,-6.77,0.29,-8.76,-15.24
197381.0,-0.03,0.18,0.0,-4.29,0.29,-5.48,-9.48
197481.0,0.08,0.15,0.0,-3.49,0.29,-19.51,-22.71
197581.0,0.12,-0.19,0.0,4.66,0.29,4.82,9.77
197681.0,0.14,-0.37,0.0,8.78,0.29,0.75,9.82
197781.0,-0.01,-0.15,0.0,3.61,0.29,-32.72,-28.82
197881.0,-0.03,0.26,0.0,-6.29,0.29,-22.74,-28.73
197981.0,0.02,0.48,0.0,-11.59,0.29,-7.31,-18.61
198081.0,0.04,0.44,0.0,-10.53,0.29,14.6,4.36
198181.0,-0.02,-0.04,0.0,0.89,0.29,27.88,29.06
198281.0,-0.13,-0.3,0.0,7.11,0.29,23.14,30.54
198381.0,-0.27,-0.78,0.0,18.67,0.29,8.52,27.48
198481.0,0.09,-0.16,0.0,3.74,0.29,-14.71,-10.68
198581.0,-0.02,0.13,0.0,-3.01,0.29,2.8,0.08
198681.0,-0.04,0.13,0.0,-3.05,0.29,22.68,19.92
198781.0,-0.06,0.11,0.0,-2.73,0.29,28.16,25.71
198881.0,-0.06,0.07,0.0,-1.77,0.29,26.22,24.73
198981.0,-0.02,-0.31,0.0,7.42,0.29,21.29,29.0
199081.0,0.01,-0.5,0.0,12.03,0.29,11.43,23.75
199181.0,0.02,-0.12,0.0,2.8,0.29,-19.04,-15.94
199281.0,0.04,-0.01,0.0,0.19,0.29,0.57,1.05
199381.0,0.05,-0.0,0.0,0.04,0.29,20.17,20.5
199481.0,0.06,-0.0,0.0,0.05,0.29,21.64,21.97
199581.0,-0.1,-0.04,0.0,1.01,0.29,-2.62,-1.32
199681.0,-0.02,0.19,0.0,-4.67,0.29,-23.47,-27.85
199781.0,-0.01,0.15,0.0,-3.64,0.29,-27.77,-31.12
199881.0,-0.03,0.16,0.0,-3.88,0.29,-21.36,-24.95
199981.0,-0.01,0.19,0.0,-4.55,0.29,0.26,-4.0
200081.0,0.03,0.2,0.0,-4.91,0.29,3.13,-1.48
200181.0,0.03,0.19,0.0,-4.64,0.29,6.23,1.88
200281.0,0.02,0.15,0.0,-3.52,0.29,17.86,14.63
200381.0,-0.01,0.04,0.0,-0.85,0.29,23.98,23.42
200481.0,0.07,0.0,0.0,-0.1,0.29,21.71,21.9
200581.0,-0.05,-0.23,0.0,5.56,0.29,29.42,35.27
200681.0,-0.12,-0.32,0.0,7.79,0.29,13.65,21.73
200781.0,-0.09,-0.12,0.0,2.81,0.29,-10.48,-7.38
200881.0,-0.07,-0.0,0.0,0.05,0.29,-25.94,-25.6
200981.0,-0.11,0.26,0.0,-6.19,0.29,-29.59,-35.49
201081.0,-0.09,0.21,0.0,-5.12,0.29,-23.27,-28.1
201181.0,-0.07,0.31,0.0,-7.39,0.29,-15.68,-22.79
201281.0,-0.06,-0.0,0.0,0.06,0.29,-6.74,-6.39
201381.0,-0.02,-0.03,0.0,0.82,0.29,10.63,11.73
201481.0,-0.07,-0.39,0.0,9.32,0.29,15.24,24.85
201581.0,-0.18,-0.32,0.0,7.74,0.29,7.35,15.38
201681.0,-0.27,-0.37,0.0,8.84,0.29,-10.21,-1.07
201781.0,-0.24,0.0,0.0,-0.12,0.29,-16.78,-16.61
201881.0,-0.18,0.23,0.0,-5.55,0.29,-17.3,-22.56
201981.0,-0.12,0.19,0.0,-4.56,0.29,5.5,1.23
202081.0,-0.13,0.0,0.0,-0.08,0.29,7.88,8.08
202181.0,-0.07,-0.13,0.0,3.02,0.29,17.79,21.1
202281.0,-0.1,-0.12,0.0,2.8,0.29,1.14,4.22
202381.0,-0.27,0.05,0.0,-1.14,0.29,-12.33,-13.18
202481.0,-0.15,0.08,0.0,-1.96,0.29,-25.1,-26.77
202581.0,-0.15,0.09,0.0,-2.04,0.29,-9.62,-11.37
202681.0,-0.1,-0.03,0.0,0.61,0.29,5.94,6.84
202781.0,-0.28,-0.44,0.0,10.55,0.29,-1.78,9.07
202881.0,-0.24,-0.08,0.0,1.96,0.29,-10.13,-7.88
202981.0,-0.09,0.17,0.0,-4.14,0.29,-12.82,-16.67
203081.0,-0.13,0.41,0.0,-9.92,0.29,-21.14,-30.77
203181.0,-0.1,0.45,0.0,-10.83,0.29,-11.4,-21.94
203281.0,-0.08,0.19,0.0,-4.52,0.29,-2.95,-7.18
203381.0,-0.03,-0.15,0.0,3.66,0.29,14.29,18.24
203481.0,-0.1,-0.32,0.0,7.62,0.29,-20.12,-12.2
203581.0,-0.07,0.03,0.0,-0.62,0.29,-29.52,-29.85
203681.0,-0.08,0.28,0.0,-6.7,0.29,-26.11,-32.52
203781.0,0.02,0.42,0.0,-10.06,0.29,-7.37,-17.13
203881.0,-0.03,0.36,0.0,-8.65,0.29,14.29,5.93
203981.0,-0.02,-0.05,0.0,1.2,0.29,31.88,33.37
204081.0,-0.22,-0.59,0.0,14.25,0.29,10.9,25.44
204181.0,-0.06,-0.32,0.0,7.74,0.29,-26.29,-18.26
204281.0,-0.02,0.15,0.0,-3.58,0.29,-17.7,-20.99
204381.0,0.06,0.48,0.0,-11.48,0.29,-6.58,-17.77
204481.0,-0.04,0.55,0.0,-13.24,0.29,11.8,-1.15
204581.0,-0.01,0.16,0.0,-3.81,0.29,27.32,23.79
204681.0,-0.12,-0.17,0.0,4.08,0.29,30.36,34.73
204781.0,-0.17,-0.7,0.0,16.74,0.29,25.94,42.97
204881.0,-0.13,-0.43,0.0,10.22,0.29,-11.49,-0.98
204981.0,-0.03,0.03,0.0,-0.79,0.29,-21.14,-21.64
205081.0,0.03,0.47,0.0,-11.23,0.29,-23.73,-34.67
205181.0,-0.09,0.58,0.0,-13.89,0.29,0.16,-13.44
205281.0,0.17,0.21,0.0,-4.97,0.29,15.99,11.31
205381.0,-0.19,-0.39,0.0,9.4,0.29,20.52,30.21
205481.0,-0.1,-0.41,0.0,9.78,0.29,35.72,45.8
205581.0,-0.02,-0.47,0.0,11.19,0.29,-4.98,6.5
205681.0,-0.03,-0.17,0.0,4.18,0.29,-4.58,-0.11
205781.0,0.02,-0.12,0.0,2.89,0.29,15.59,18.77
205881.0,-0.0,-0.14,0.0,3.43,0.29,5.33,9.05
205981.0,-0.16,-0.07,0.0,1.58,0.29,-4.32,-2.45
206081.0,-0.26,-0.2,0.0,4.72,0.29,-8.35,-3.34
206181.0,-0.14,-0.15,0.0,3.62,0.29,-17.55,-13.64
206281.0,-0.13,-0.2,0.0,4.8,0.29,-24.75,-19.66
206381.0,-0.07,0.04,0.0,-0.88,0.29,-8.02,-8.61
206481.0,-0.12,0.11,0.0,-2.56,0.29,17.28,15.01
206581.0,-0.09,0.07,0.0,-1.64,0.29,24.02,22.67
206681.0,-0.1,0.19,0.0,-4.67,0.29,23.47,19.09
206781.0,-0.14,-0.1,0.0,2.48,0.29,10.31,13.08
206881.0,-0.11,-0.39,0.0,9.48,0.29,4.91,14.68
206981.0,-0.28,-0.78,0.0,18.78,0.29,-3.68,15.39
207081.0,-0.07,-0.22,0.0,5.27,0.29,-5.31,0.25
207181.0,0.01,-0.31,0.0,7.33,0.29,6.74,14.37
207281.0,-0.19,-0.03,0.0,0.61,0.29,-6.25,-5.35
207381.0,-0.17,0.36,0.0,-8.64,0.29,-18.05,-26.39
207481.0,-0.27,0.15,0.0,-3.54,0.29,12.55,9.3
207581.0,-0.13,-0.15,0.0,3.58,0.29,16.1,19.97
207681.0,-0.32,-0.75,0.0,18.12,0.29,-0.53,17.87
207781.0,0.02,-0.41,0.0,9.95,0.29,-3.65,6.6
207881.0,-0.2,-0.43,0.0,10.29,0.29,-18.54,-7.96
207981.0,-0.1,0.04,0.0,-0.84,0.29,-17.9,-18.45
208081.0,-0.05,0.34,0.0,-8.08,0.29,-6.06,-13.86
208181.0,-0.03,0.43,0.0,-10.31,0.29,-10.83,-20.85
208281.0,0.09,0.44,0.0,-10.47,0.29,14.47,4.3
208381.0,0.02,-0.01,0.0,0.17,0.29,29.9,30.36
208481.0,-0.05,-0.49,0.0,11.79,0.29,25.48,37.57
208581.0,-0.06,-0.32,0.0,7.8,0.29,-9.89,-1.8
208681.0,0.02,-0.29,0.0,6.91,0.29,21.1,28.3
208781.0,0.03,-0.04,0.0,1.05,0.29,20.81,22.15
208881.0,-0.06,0.06,0.0,-1.47,0.29,16.63,15.46
208981.0,0.06,0.2,0.0,-4.88,0.29,1.39,-3.2
209081.0,0.13,0.11,0.0,-2.75,0.29,-12.79,-15.24
209181.0,-0.0,-0.12,0.0,2.86,0.29,-18.76,-15.61
209281.0,0.13,-0.06,0.0,1.51,0.29,-4.4,-2.59
209381.0,0.03,-0.31,0.0,7.43,0.29,14.27,21.99
209481.0,-0.02,-0.39,0.0,9.27,0.29,18.96,28.53
209581.0,0.0,-0.12,0.0,2.88,0.29,3.5,6.67
209681.0,0.01,0.19,0.0,-4.52,0.29,-18.67,-22.89
209781.0,-0.09,0.19,0.0,-4.57,0.29,-15.57,-19.85
209881.0,-0.03,-0.09,0.0,2.07,0.29,-22.64,-20.28
209981.0,-0.03,-0.2,0.0,4.77,0.29,-7.84,-2.78
210081.0,-0.01,-0.41,0.0,9.87,0.29,14.78,24.94
210181.0,0.02,-0.21,0.0,5.14,0.29,0.35,5.78
210282.0,0.1,-0.18,0.0,4.24,0.29,26.03,30.56
210382.0,-0.03,0.05,0.0,-1.18,0.29,25.76,24.87
210482.0,0.07,0.25,0.0,-6.01,0.29,20.63,14.91
210582.0,-0.0,-0.03,0.0,0.64,0.29,-5.62,-4.69
210682.0,-0.09,-0.03,0.0,0.65,0.29,-16.69,-15.75
210782.0,-0.06,-0.15,0.0,3.69,0.29,-7.92,-3.93
210882.0,-0.01,-0.4,0.0,9.71,0.29,8.39,18.4
210982.0,-0.03,-0.05,0.0,1.12,0.29,-31.55,-30.14
211082.0,-0.0,0.53,0.0,-12.62,0.29,-28.12,-40.45
211182.0,-0.16,0.4,0.0,-9.49,0.29,-3.87,-13.06
211282.0,-0.15,-0.05,0.0,1.24,0.29,8.21,9.74
211382.0,-0.12,-0.49,0.0,11.73,0.29,9.78,21.8
211482.0,0.03,-0.54,0.0,13.04,0.29,-12.75,0.58
211582.0,0.0,-0.34,0.0,8.12,0.29,-8.87,-0.45
211682.0,0.04,-0.1,0.0,2.44,0.29,13.5,16.24
211782.0,0.1,0.14,0.0,-3.31,0.29,20.21,17.19
211882.0,0.02,0.19,0.0,-4.46,0.29,7.2,3.03
211982.0,-0.12,0.01,0.0,-0.35,0.29,-10.83,-10.89
212082.0,-0.02,0.11,0.0,-2.62,0.29,-16.45,-18.78
212182.0,-0.01,-0.19,0.0,4.56,0.29,15.13,19.99
212282.0,-0.05,-0.35,0.0,8.31,0.29,12.04,20.64
212382.0,-0.05,-0.11,0.0,2.55,0.29,-20.01,-17.17
212482.0,-0.17,-0.1,0.0,2.47,0.29,-15.3,-12.53
212582.0,-0.13,0.38,0.0,-9.18,0.29,-12.4,-21.29
212682.0,0.02,0.16,0.0,-3.8,0.29,24.68,21.17
212782.0,-0.18,-0.44,0.0,10.52,0.29,30.36,41.17
212882.0,-0.07,-0.68,0.0,16.41,0.29,3.39,20.09
212982.0,-0.07,-0.72,0.0,17.35,0.29,-3.26,14.38
213082.0,-0.14,-0.33,0.0,7.94,0.29,8.96,17.19
213182.0,-0.16,0.01,0.0,-0.17,0.29,-23.41,-23.3
213282.0,-0.13,0.24,0.0,-5.78,0.29,-30.25,-35.74
213382.0,-0.07,0.53,0.0,-12.72,0.29,1.03,-11.4
213482.0,-0.24,0.21,0.0,-5.0,0.29,-9.53,-14.23
213582.0,-0.14,0.11,0.0,-2.73,0.29,-23.87,-26.31
213682.0,-0.08,-0.32,0.0,7.75,0.29,-13.14,-5.1
